_1,_2,_3
92,14,1
158,178,3
200,70,1
413,59,1
434,82,1
386,434,1
0,434,1
457,554,1
515,890,1
910,122,1
836,122,3
839,609,1
960,984,1
1085,289,1
886,968,1
14904,968,1
58339,322,1
836,1085,2
1193,548,1
24,754,1
1006,1097,1
322,1097,1
979,434,1
21,2507,1
2643,548,1
0,95,1
2532,366,1
2702,325,1
676,1273,2
375,2533,1
1237,989,1
1241,1237,1
1256,1237,1
0,2979,2
375,870,1
21,3128,1
1399,3211,1
15955,3211,1
95,3284,1
3445,3284,1
836,3390,1
322,3390,3
3459,21,1
609,21,1
14031,21,1
2969,3539,1
3571,3550,1
21,4794,1
1165,5021,1
5091,5043,1
836,1279,1
3436,5170,1
836,1131,2
4621,6391,1
3466,1048,1
21,3504,1
5246,2452,4
4621,303,1
1256,5091,1
7722,2452,1
303,7738,1
7739,7740,1
7923,2452,1
1003,21,1
6644,21,2
2452,97,2
8017,525,2
525,8065,1
7720,8268,1
75,8268,1
4621,3070,1
7960,381,2
2723,8488,1
2576,8285,1
587,2723,1
21,8800,1
836,7712,2
173,8285,1
69362,9492,1
471,9488,1
173,7702,1
1367,9035,1
182,8878,1
9227,2452,1
8041,378,1
9576,924,1
6550,75,1
9947,178,1
7720,10001,1
2452,8338,2
5303,10131,2
7720,3151,1
3151,8953,1
9225,9943,1
7980,9943,3
5091,2643,1
9420,10187,1
10463,10506,1
10522,9420,1
91700,9323,1
836,10949,3
7980,11029,2
7980,12250,1
10210,10189,3
836,12536,4
12533,10936,1
0,1406,1
23664,1406,1
924,1406,1
60710,12580,1
12301,12665,1
836,5211,4
381,12827,1
836,12858,1
10816,12858,1
12867,12876,1
5055,12996,1
13011,9420,1
471,13182,1
13155,13213,1
2452,13155,1
2452,13309,1
7848,13309,1
7738,13481,1
12952,13521,1
9420,13413,1
8820,13818,3
13915,13296,1
11097,843,4
10683,10620,1
2723,8751,1
381,10683,1
9123,14030,1
14053,836,2
14109,1223,1
12776,12473,2
13498,8842,1
11097,201,1
13578,14177,1
471,14267,1
12473,14411,1
5280,5091,1
21,3169,1
13727,906,2
60240,836,1
836,14586,3
3470,14586,1
30754,14636,1
44308,14636,1
14779,3024,3
12473,14681,1
5279,8013,1
10894,3151,1
11097,14900,1
14946,108,2
13285,13562,1
14994,15083,1
15140,5303,2
8820,15157,1
14588,15157,1
843,15182,1
15189,15182,1
11097,15258,1
15303,2573,4
11044,14994,1
15398,10975,1
15527,8999,3
6529,11097,1
75,924,3
10884,10240,1
16337,13061,1
381,16337,1
8752,16353,1
14372,16380,1
6550,14091,1
8113,10345,2
13901,836,4
12632,16612,1
676,16693,1
12527,381,1
924,16992,1
11097,14898,1
381,10275,1
12443,14313,2
13417,847,1
30507,3044,1
471,17423,1
471,13291,2
381,17702,1
471,17702,1
17800,17702,1
0,10879,1
65840,17784,1
20445,17877,1
21,17888,1
17908,16284,1
15361,381,1
18035,12515,1
17116,5043,1
13727,18139,1
6478,13417,1
676,18184,1
14913,18098,4
17696,18195,1
14779,18195,1
11097,18221,1
0,18240,1
376,18240,2
8479,13417,1
836,14913,1
676,18098,1
15527,6514,2
8465,18477,1
18139,17646,2
6478,18679,1
21,18139,1
676,18778,2
9420,18778,2
14153,13213,1
381,3024,2
19051,17937,1
18843,18787,2
471,18787,4
381,19278,1
8820,14578,3
27255,14578,2
30569,14578,1
5200,3230,1
16971,17309,1
16853,19260,1
16756,17509,1
9420,17696,1
381,16712,4
15202,3151,2
13450,6478,1
17484,14904,1
21075,20982,1
11097,18919,1
11097,21024,2
13727,7702,2
16928,17531,1
19161,12515,1
18416,20594,1
836,21755,1
20722,381,1
21995,15032,1
3313,676,1
9420,21702,1
23097,9465,2
381,12345,1
12345,7763,3
21825,23198,2
17594,7763,1
133,16853,1
15412,23283,2
17772,14904,1
15361,23301,2
2750,20926,1
11097,17484,1
21560,23416,1
32639,8878,1
10372,23495,1
23584,381,1
15569,18465,1
19161,14904,4
15527,20585,1
15527,23708,4
2723,10902,1
836,14904,14
9123,24095,1
24100,16024,1
37986,16024,2
6478,20585,1
20635,24000,2
24157,24320,1
25984,108,1
16597,108,1
78107,108,1
19161,21795,1
13457,836,1
13413,24550,1
16213,20594,1
21024,676,3
24593,23305,1
15613,924,1
676,24792,1
23865,21024,1
27432,12363,2
25488,25678,2
56394,25419,1
52008,25419,1
18416,24005,1
25704,15202,1
24719,10902,1
24346,25934,1
20492,25970,1
471,2723,1
25970,23262,2
14164,3591,1
71363,3591,1
14560,25936,1
26166,25755,1
26181,836,1
471,12771,2
17819,25311,1
836,25429,7
17819,25429,1
8501,26058,2
25922,26519,1
14588,24719,1
471,26659,1
26701,6567,1
26146,14779,1
26635,25800,2
14779,26408,1
12206,15412,1
9053,18540,1
27000,836,1
27250,27010,1
8560,26019,1
5329,26202,1
27364,15766,1
49515,15766,1
38556,15766,1
26856,16853,1
23305,13518,1
16214,13518,1
836,17435,2
26394,27741,2
27432,27776,1
836,27776,1
27534,27347,1
27788,924,1
25744,836,2
27838,836,1
5041,18626,1
381,27974,1
28213,19046,1
23305,426,1
12384,77,1
381,13736,4
28279,13450,1
26394,28344,1
12384,28344,1
26394,13056,1
53640,13056,1
16812,816,1
30507,700,1
836,8560,1
10024,14675,1
21,10024,1
28628,20308,1
23480,28966,1
28350,25157,2
27231,9123,9
29090,28628,1
32663,29083,1
381,426,1
471,426,1
27534,18665,1
28628,29169,1
29208,25429,1
13727,8820,1
24996,8820,1
9123,13727,1
25157,29236,2
28628,28385,1
381,29438,2
29590,1155,1
24218,26719,1
27632,26163,1
23305,12202,1
676,28628,2
14904,29952,1
29968,676,1
29905,27231,1
28628,30075,1
30075,836,2
30136,10824,2
30136,471,1
16853,28628,2
29431,11007,1
381,30562,1
9123,14586,1
15412,22054,1
32252,22054,1
10683,13726,1
381,10881,3
26394,29580,2
471,29580,1
836,16853,3
34323,16853,1
836,28317,1
26394,31017,1
31133,10904,1
26394,31171,1
74384,24895,1
31266,31282,1
381,31361,1
58099,31361,1
12345,10620,1
31346,17177,2
8820,30928,3
27768,31822,2
30107,8710,1
26394,31948,1
381,32048,1
381,30898,2
32116,30928,2
381,30928,1
836,29587,4
31513,26019,2
23377,13727,1
836,30212,2
29217,32357,3
27768,23850,2
0,23850,1
11097,9123,2
32177,32169,1
19212,31822,2
381,32602,1
16872,29587,1
30693,32816,1
381,8337,2
836,32989,4
32177,33050,1
381,33168,3
381,28291,1
33020,32686,7
22012,10902,1
23305,33349,1
33272,836,1
33392,836,1
14560,33404,2
836,21319,1
33011,27114,3
381,33386,1
381,33613,2
38096,17305,1
33202,33685,1
8560,26163,4
21,26163,1
34009,16680,1
50519,10671,1
19161,35481,3
34253,24000,1
710,33448,1
21,35657,1
776,35738,1
836,1330,1
30459,35496,1
8552,36958,1
33701,37063,1
23305,37225,1
381,37225,1
27226,1330,1
8560,37200,2
381,37288,2
28209,21262,1
13901,32280,1
21,13235,1
381,23437,3
49673,14675,1
17538,20327,1
14904,37814,3
37109,16238,1
8560,23402,1
8820,14675,2
45328,14750,1
38143,21254,1
61243,34028,1
17208,20766,1
34028,38472,1
38522,23710,1
381,38678,1
381,21254,1
836,17208,1
381,12533,3
25320,924,3
24895,28175,1
836,33738,1
28175,38657,1
24235,14904,1
836,39569,2
37001,39569,1
2968,31731,1
30107,40255,1
15384,14675,1
14904,33812,1
33738,40424,1
16853,40424,1
836,31046,3
33738,30000,1
17538,40590,1
40590,33738,1
8005,14675,1
381,40813,2
16853,40827,1
33738,40827,1
56457,40951,1
42377,39934,1
28887,33812,1
41306,27665,1
16853,41297,1
41460,924,1
41566,41571,1
38506,26562,1
41525,38506,1
32220,13727,5
41525,37946,1
24593,20572,1
29587,41828,2
31639,41854,1
32860,33922,1
41881,38887,1
41460,41886,1
41948,23305,1
21,40853,1
40853,29967,2
381,42270,1
836,29064,2
13748,42298,1
4683,40853,1
42023,42401,1
42510,29781,1
40853,41072,3
36977,42515,1
20372,2515,1
42846,42825,1
836,16368,1
17047,40853,1
28175,40454,1
29781,26329,2
29781,43159,1
15412,21560,2
43210,8878,1
43463,16693,1
2968,43508,1
16401,43511,1
43374,43541,1
43488,15828,2
23204,43637,1
30107,6433,1
54448,42325,1
381,38503,2
31718,18501,1
53400,28175,1
10865,28175,1
33569,924,1
27665,42904,1
43996,29575,1
24885,4683,1
38395,381,5
18434,43870,2
11080,44312,1
29575,44652,1
37822,4683,1
11080,39331,1
43679,8878,2
43679,4683,5
44950,28175,1
8878,45005,3
17484,4683,1
45034,28175,1
836,45107,1
69782,45107,1
43472,45086,1
18843,45297,1
32429,44114,1
45448,16401,1
33653,7812,1
40853,45488,4
45503,45488,1
70066,11097,1
836,45397,1
45509,13562,1
23240,27135,1
13736,37268,1
45507,15613,1
381,13259,1
26289,836,1
45224,44139,2
45033,28175,1
50745,15828,1
13012,44394,1
26202,33364,1
45898,28175,4
46402,29134,1
28175,46488,3
46431,18434,1
28175,46493,1
12905,11097,1
46424,27432,1
46055,38271,2
32440,46545,1
44456,20372,1
381,46654,2
62938,46542,1
44139,46055,1
38582,46055,1
46055,1029,1
43455,46527,1
31086,4683,1
41487,4683,1
27432,46920,2
53388,31582,1
35644,46981,2
26202,35644,1
35644,24719,2
35644,44044,1
35644,47169,8
35644,12345,2
45507,47212,2
35644,45821,5
45545,20327,1
47273,30189,1
40853,47366,1
23240,14675,2
47279,15518,1
35644,47497,1
8501,44688,1
16050,32697,1
37822,28175,7
29587,47599,1
14675,47728,3
35644,47835,1
40853,27537,1
35644,47929,2
48970,41204,2
38506,35644,3
43077,1156,1
49098,27665,1
381,38467,3
57091,38467,1
29587,49154,1
47359,38892,2
28175,38892,3
49226,49544,1
49581,21560,1
49454,45431,3
381,45216,1
49733,8560,2
13012,18434,1
8560,49893,1
381,47202,1
29587,49501,1
381,50025,1
49932,37776,1
50160,45112,1
35644,50162,3
50094,32116,1
50127,14684,1
49780,35644,1
49861,29587,1
18423,50312,1
45262,44139,1
27583,27616,1
35644,27616,1
35644,50506,1
4683,8820,1
6550,15412,1
55122,13727,1
29587,50531,1
26448,32958,1
35644,50674,1
64014,50674,1
82752,32958,1
50074,40853,1
44701,13370,1
50765,50727,1
29587,50835,3
17320,50835,1
50727,26522,1
34269,31046,1
23305,51000,3
39007,51084,1
29587,51084,1
8820,50727,2
28175,26019,34
381,50146,3
41968,31086,1
35644,50967,1
35644,50146,5
51495,50727,6
40853,50727,1
28175,44574,2
50021,44039,2
51511,33759,3
83540,29587,1
50727,41740,2
51646,50146,1
28175,51798,3
45264,51798,1
53901,51141,1
28175,51141,1
82950,51141,1
44139,51648,1
51648,46527,1
381,51639,1
43855,33854,1
51714,13023,1
24593,30578,1
33509,29587,1
44039,49914,2
28175,8820,9
21,8820,1
31106,37967,2
40853,44039,1
33202,51904,1
28175,9122,1
35644,51771,3
35644,52390,1
44477,52109,1
44083,52473,1
52472,52109,1
44139,52494,1
35597,36935,1
44039,52611,2
52553,836,1
26019,38751,1
33202,24887,1
52669,29203,1
15902,45064,1
29587,51126,5
35644,50727,6
52995,44456,1
53038,35644,1
33202,45382,1
45064,52089,1
20903,52089,2
836,53184,2
53279,44456,2
79625,44456,2
53320,15828,2
44456,15828,1
28175,53390,2
600,53390,1
14518,8560,1
58382,8560,3
8560,53516,2
44139,47403,3
53326,8560,1
28175,53565,6
23305,53575,1
924,49354,1
35644,9988,1
29412,33759,2
11,52089,1
54944,24883,1
45264,53498,1
53948,53999,1
45264,47832,2
44139,42044,1
53804,29587,1
28175,52068,6
53582,47204,1
54581,44139,1
23305,82,2
47832,38887,1
32240,53582,1
52793,836,2
54277,28328,1
381,54815,1
56269,5380,1
924,54981,1
33202,53283,1
24385,44139,1
47832,56159,1
54395,56159,5
51541,55028,1
51129,50727,2
44139,50641,1
15527,45292,1
51369,28175,2
28175,44785,3
44926,56408,1
56503,54944,1
56537,45264,1
56645,836,1
56677,51143,1
381,10972,1
56593,54395,4
56593,23204,2
57019,34269,3
57083,27983,1
57082,45264,2
58382,45264,1
57109,46230,2
45264,46230,1
29412,56703,1
56844,49060,1
47832,57248,4
50861,57248,1
1330,43870,1
14675,43077,4
50338,37979,1
26525,25905,1
53582,26525,1
38864,34269,1
60589,57605,1
23204,57704,1
57745,45264,2
23204,57729,1
836,57735,2
42882,836,3
24478,31487,1
16220,44083,1
26562,50532,1
35644,57664,1
37793,57664,2
44139,58519,1
46230,53760,1
58628,14006,1
37272,58488,2
34269,46143,1
836,58785,1
28175,47166,1
34269,28175,1
13736,14006,1
58844,45374,2
57596,58617,1
29587,58679,2
51007,45264,1
57727,58685,1
32440,58905,1
32440,41093,3
57099,52300,2
52257,59210,1
45232,45264,1
59192,52257,1
32440,59245,1
59245,59085,2
50534,58747,2
57461,18790,1
49143,45610,2
84790,51007,1
58685,28175,3
39380,59171,1
35644,27135,1
59254,59385,1
61846,33202,1
60002,44394,1
59171,60067,1
52109,46785,3
60094,46785,1
836,41591,2
49700,28175,13
60265,60284,1
59550,8878,1
35644,58789,1
75516,29587,1
59085,60544,4
59085,60557,1
35644,60557,1
57453,60099,1
29217,29586,2
29587,61098,1
29587,61102,1
61362,52719,2
54944,59909,1
94457,51248,1
29587,61530,3
836,61378,4
27983,24895,1
59372,44658,1
44456,23240,2
57416,49700,1
45264,57453,2
57453,61800,1
35644,61883,2
58560,29587,1
62052,1029,1
50870,21749,3
61756,62202,1
52799,62252,1
52588,62097,6
62353,13505,2
35644,62386,2
62393,31154,2
57526,31154,2
61467,37330,1
48968,60954,1
24478,60954,2
62802,53367,1
62824,28175,2
23305,62889,1
62882,34269,2
63102,49700,1
63964,63282,1
89187,63282,1
63366,836,1
63430,63434,1
21257,59652,1
44456,63462,1
23159,50406,1
50406,37792,1
63424,23159,1
59085,63701,1
16613,63701,1
8820,63655,1
49700,62053,2
61599,62053,1
63724,23159,2
40659,41771,1
63955,63390,3
63605,33361,1
64094,63629,1
61988,23305,2
23240,54024,1
21232,62399,1
54118,53818,1
11136,53818,2
63896,39513,1
10815,10588,1
64631,61418,1
64801,61418,1
64603,33202,1
23305,59330,1
64652,64533,2
35644,64500,2
26394,64500,1
63378,59101,1
50833,64904,1
50833,65038,1
924,63631,1
44456,8820,1
71442,65173,1
65228,61418,2
60742,65291,1
65323,54944,2
64655,59916,2
18150,57429,1
27984,23240,1
23159,62018,2
62018,61645,6
65767,33532,1
52291,62528,1
33202,65842,1
53607,389,1
65965,23240,1
65475,64485,1
65834,65323,2
66315,924,1
66421,45264,1
46501,38887,1
23240,66317,1
66738,64469,1
55122,64588,1
49590,54575,1
66931,47883,1
59446,63582,1
86571,201,1
23240,66539,1
67362,45264,1
67472,58135,1
67342,53812,1
67397,67398,1
60292,64115,1
33198,3024,1
41000,67302,1
201,67302,1
55122,18401,1
73632,33499,1
33020,58155,1
10640,67598,3
52089,40137,1
10640,58433,1
52089,43317,1
45264,8820,2
67605,66104,1
16111,68154,4
63718,31086,1
53479,68136,1
35644,68373,2
52061,23240,2
50954,68507,1
68457,68454,1
68547,23240,1
45679,15828,1
68023,67605,4
17613,68276,1
65019,68154,1
68980,67328,3
68023,69075,1
60105,68230,1
67328,52546,1
68869,38339,1
68440,52291,2
27581,57461,1
67328,69488,1
67328,69501,1
55122,1330,6
29587,69543,1
21,60292,1
64596,67993,1
69646,67328,3
69248,45264,2
41771,63237,1
37330,69775,1
55122,69822,8
6550,59627,1
50146,41771,2
64596,67328,1
43077,1330,2
23305,67328,2
41771,70117,1
53812,67328,1
70177,69307,1
43514,69343,2
67328,25529,1
60221,70243,1
29169,64744,1
55122,70234,1
70082,38892,1
61417,924,3
45610,65323,4
70126,8878,1
67361,52291,2
29169,70666,1
836,70698,2
70603,63654,1
33202,69248,1
55122,70679,1
50406,67536,2
70794,201,1
70861,201,1
45107,29781,1
68023,68742,1
28175,71000,1
70718,51209,2
70066,71070,2
29575,71073,1
41771,69484,1
71293,70066,2
71262,70066,2
27983,43681,2
71212,18703,1
70066,33202,1
71423,67412,2
71218,68742,1
5268,71218,1
10588,26213,1
71581,71326,1
7916,71218,1
71349,43636,1
70838,71581,1
16195,66177,1
67328,10814,1
49032,10814,1
70066,50146,1
40515,52291,1
27983,71964,1
73150,45264,1
55122,45264,3
69670,73231,1
67328,71218,2
73440,21825,1
836,30613,3
71425,71219,3
45264,73678,1
55122,71896,1
1330,73754,1
49590,66177,1
29575,74047,1
64760,52275,1
49159,1330,1
71218,74185,1
45374,74001,1
69527,74369,1
70749,73441,4
69296,32669,2
40853,74754,1
18703,70121,1
64109,74319,1
64109,69822,1
74040,73441,1
53648,2459,1
1330,53274,1
58418,56354,5
74421,21471,1
27983,74980,2
60710,61253,1
68023,60690,1
74985,61883,1
45610,1029,5
64870,75218,3
75353,69527,1
52480,33519,1
75289,924,1
75480,71442,1
38911,75335,1
23305,75507,1
75511,53357,1
75507,65131,1
74735,56922,1
65131,75158,1
61883,28685,2
74421,70898,3
62446,73930,1
55122,75831,1
15394,66759,1
65131,71587,2
23159,73890,1
68023,76022,1
71587,44785,1
65108,75428,1
76203,76212,1
71648,74735,5
74271,65131,1
61261,68023,1
76579,55122,1
55122,65269,1
23305,71219,1
23305,76640,1
21825,76176,1
40360,76641,1
74719,55122,2
39830,75738,1
76724,17116,1
76674,76714,2
73441,57323,2
8752,76877,1
45817,56985,1
74421,76874,1
24478,63378,1
16510,58685,1
77015,38083,1
51653,43939,2
57130,77276,1
75055,77314,1
65131,76768,1
51714,67096,2
77313,65131,1
39338,76811,1
55122,73441,1
14518,59004,1
14259,76794,1
23948,14675,1
77643,68230,1
74421,69670,1
24409,70243,2
77698,24409,1
38911,77618,1
40044,77899,1
78082,75738,1
78977,77904,1
71442,73441,3
64377,45610,3
78284,77900,1
78409,74421,1
49650,78482,2
78443,49650,1
13748,59904,2
14588,68421,1
60113,69822,1
924,78613,1
52089,78649,1
33202,78733,1
78784,78609,1
78686,78698,1
68023,60813,1
78165,27983,1
78867,68025,5
78910,67412,1
62446,23305,1
29575,21668,1
71442,79188,1
64377,78416,1
64377,32243,4
74855,42327,1
59028,74003,9
55122,74003,2
836,78662,1
55122,676,1
54754,78290,2
79466,78334,1
79374,50833,2
77519,27432,1
74421,45573,1
16928,64377,1
79489,54509,2
74028,71442,3
201,20618,1
79773,78443,1
40853,74855,2
79421,39011,3
71219,7812,2
80016,50833,1
78627,71219,2
924,73433,1
70616,79882,1
74421,80463,2
55122,65371,1
71442,65371,1
836,74725,3
41692,55122,2
80744,34281,1
80757,1330,1
80832,34153,2
1029,80850,1
79133,69484,1
71219,80085,1
65131,80221,1
64377,80221,1
67423,55122,1
78116,64377,1
52089,79037,1
80506,79227,1
82542,28175,1
52273,71987,1
26917,78582,1
57567,38892,3
78699,82632,1
73476,82714,1
61634,82714,1
79887,21,1
82762,60565,1
82768,73476,1
82842,82815,1
70616,82659,2
71219,55122,1
82922,82708,1
75897,82577,1
64377,82577,2
74018,924,2
45177,67537,2
24883,43473,1
38608,55122,2
23305,50727,3
55122,69498,1
49622,27250,1
65131,83472,1
83533,82632,1
14560,83591,1
62054,82809,1
80034,58890,1
47687,43108,1
836,83830,3
60379,64377,3
83903,75198,1
51286,83791,2
24651,40044,1
56549,74946,2
60503,70066,1
44456,43193,1
70867,33970,1
84576,84572,1
29169,84649,1
68023,78870,1
27983,84756,1
70838,71246,4
67200,66788,6
84822,85143,2
71246,76546,1
55122,76546,2
60221,85181,1
66788,85438,1
85411,84989,1
85398,42686,2
85702,64377,1
84872,64377,2
85897,85899,1
17310,924,1
13023,86011,1
29810,68023,1
8560,50862,2
61445,29157,2
84762,38887,2
38887,65131,1
85398,86371,1
3070,36964,1
85398,71511,1
66788,86490,1
58306,71246,1
71442,16410,1
84187,86559,1
64377,86609,1
96850,86596,1
70546,4808,1
69790,4808,1
86676,35644,1
83473,62641,5
55122,86705,2
86718,38887,1
84607,23305,1
85516,33183,1
14675,65131,3
60503,49795,1
75897,86765,1
54395,80885,2
80885,87067,1
55122,67604,1
87074,71127,1
64876,64377,15
61445,64377,3
71952,27916,1
10814,69626,1
58341,43107,1
87545,55122,1
67917,80885,1
51638,33812,1
35644,64876,1
99926,14675,2
87798,60782,1
303,65710,1
87324,87876,1
21,87886,1
82276,54395,1
54953,88079,1
54953,73792,1
88255,39963,1
35644,88307,1
84891,85679,1
86339,87193,1
59315,69822,1
86339,88424,1
84891,87712,1
96675,47916,2
88502,64377,5
70315,33812,1
59693,88354,2
64377,88258,1
58736,88258,1
75428,44808,1
75152,88819,1
156,303,1
88088,58433,1
55122,87297,1
35644,88810,1
89097,71136,1
83192,89124,1
21,14909,2
27785,64377,2
68023,89507,1
65131,73441,1
8560,78623,1
75157,89710,2
21,82939,1
78808,24570,1
65131,89973,1
89411,74118,1
32239,52243,1
55122,28916,1
90502,173,1
52089,10074,1
51969,45166,1
79934,59892,1
29118,63253,1
55122,68939,1
87770,90697,1
90933,46563,1
90951,46563,1
41591,67427,2
55122,67137,1
91111,55122,1
83192,89795,2
65131,90701,1
84891,91189,1
77393,89265,1
91150,68023,1
75702,64377,2
23305,91561,1
91482,65710,2
86339,91608,1
91315,61168,1
70342,43077,1
55122,71372,2
45612,56302,1
75157,91758,5
64377,91690,1
69093,91812,1
64377,86676,1
91847,91864,1
31086,87605,5
89582,86339,1
90220,20429,1
21,92166,1
92429,23325,2
79844,23325,1
86339,56354,2
55122,29587,1
90153,86339,1
63402,51541,1
61522,1330,1
56354,93804,2
71042,39007,2
44768,63219,1
21198,93896,1
90220,52291,2
65131,94003,1
69093,41922,4
23478,27665,1
94655,94735,1
89907,93744,5
31086,94935,1
49997,94963,3
88539,10147,1
37149,94457,2
45264,63024,1
93781,54395,1
71442,95148,1
84984,33135,1
94454,82093,2
88614,27805,1
80072,75428,1
8560,95498,1
95498,58341,2
87355,89927,1
29781,57103,1
91644,68353,1
95699,57453,2
76017,90226,2
95508,947,1
74394,95997,1
45799,49997,1
27432,95901,1
8501,67755,1
10814,95728,1
62614,71442,2
71442,96362,1
31949,96436,2
38887,90489,2
38887,96100,1
74725,56714,6
38887,94192,1
65131,60848,1
79844,88767,1
79186,26146,1
96890,96978,1
97007,96159,1
27432,97040,2
97099,45264,3
21,69887,1
45799,86339,1
71442,91733,1
67931,83791,1
95008,54395,1
80072,56714,1
97594,56714,4
96624,73930,1
80072,97683,1
78348,97985,1
67050,13648,1
87901,52089,1
73930,86339,2
80380,52353,1
71442,98336,2
98402,65131,1
64377,98613,1
97514,97370,1
98704,21749,1
98639,64377,3
79227,98272,3
53357,99033,1
97489,89795,1
99218,381,1
50727,55122,3
99312,87185,1
38887,25696,1
98970,38887,2
99456,38887,1
14421,94457,1
76617,57237,1
10640,99575,1
68460,78674,2
83794,91826,2
98127,91826,1
64377,85735,2
94457,96505,1
87923,91826,1
100007,64377,4
100044,87185,1
100073,23305,1
96850,100067,2
100034,57118,1
73930,95511,1
76754,43473,1
100269,64500,1
34116,91826,1
99616,45264,1
99838,98614,3
100307,55122,1
58341,55122,1
86339,55122,5
57596,59697,1
76754,100411,1
100453,23305,1
98775,87185,1
70539,29260,2
91826,100262,1
58822,100200,1
29587,100598,1
85131,76754,1
100262,45217,1
100782,8878,2
45217,100807,1
97653,62246,1
23204,62246,2
64377,45768,1
101005,64096,1
86339,71246,1
79227,71246,2
99648,79227,2
89551,64377,1
91724,96624,2
86339,87292,2
100269,27135,1
100269,100183,1
100269,50727,2
50654,98882,1
83770,87869,1
68968,95286,1
101560,50727,6
75157,99063,4
70066,98981,1
102607,32492,1
99033,50727,2
64377,68025,1
64377,102650,1
101203,102650,1
76754,102650,1
98307,96814,1
102778,33551,1
42828,69740,1
102874,28175,1
100875,53726,2
103109,64310,1
101580,67931,1
61445,74118,1
90951,101580,2
71246,75983,1
75428,95155,1
85353,80885,1
85353,58341,2
99838,94798,1
101157,103372,1
102611,15557,1
79934,91640,2
100262,84891,1
64377,100034,1
64377,62846,1
103560,102837,1
57700,98121,2
103569,98121,2
103551,80599,1
100269,103675,1
61362,92050,1
91724,98749,2
23305,103269,1
73930,103269,1
91311,103920,1
103545,96033,3
23204,58341,1
71442,70393,2
76754,70393,1
80072,94457,5
100895,47376,1
3490,73930,1
100269,31726,1
104318,84626,1
104174,104143,1
430,99139,2
104320,58341,4
104168,64377,1
73441,74397,1
104323,54096,1
104814,98414,2
101318,41261,1
64377,104674,1
104956,104871,2
79934,104936,1
64377,105031,1
69478,30578,1
101380,97227,2
33551,90132,1
89795,96924,1
59975,76540,2
43000,101407,1
43000,33551,1
75640,2576,1
45799,79227,1
55122,105508,1
64377,105502,2
104626,80085,2
54096,62018,3
89795,1330,1
105652,11061,3
37626,105674,1
86325,104161,1
105674,58341,1
29781,96815,1
83877,86339,2
43000,86339,1
85353,71219,2
105985,836,1
43000,105907,1
49590,60902,1
105939,105968,1
104723,101580,1
70050,104161,1
64377,106060,1
14675,31496,1
58341,61027,1
55122,106172,1
104538,104161,1
60710,106133,2
106218,64377,1
106128,106224,1
104999,87819,1
105865,303,1
104860,106224,4
43000,14675,2
106414,100318,2
14675,106183,3
101337,28175,2
64377,106582,1
104626,59553,1
55122,106732,3
101337,105502,5
106477,80885,1
90247,98121,1
68023,37363,1
106376,106732,1
33245,26562,1
91700,84229,1
91700,51474,1
57493,107170,1
8752,80885,1
57493,80885,1
84229,106732,4
107297,105458,1
107301,64377,2
107412,105299,2
107412,107393,1
107389,104161,1
96815,64377,6
95905,55122,1
107760,54395,1
105664,40805,2
73930,105664,1
43000,107948,2
107170,64377,1
66227,63843,1
64377,107760,2
86430,43077,1
14675,98625,1
69263,98414,1
102852,108304,1
108361,29169,7
66,36,1
51,64,1
36,179,1
48984,158,1
31,113,1
84,199,1
229,199,1
236,227,1
173,262,1
10522,456,1
2885,514,1
8041,514,2
8432,514,1
15412,514,1
10548,514,1
178,889,1
515,908,1
322,780,2
1023,250,1
1330,250,2
953,418,1
62,960,1
1138,418,2
1085,964,3
113,133,1
1301,574,1
1367,728,1
38976,802,1
921,375,1
21,381,5
1279,381,2
1156,471,1
1131,381,1
381,2744,1
847,2744,1
802,988,1
1279,2781,2
1094,2781,1
21,2781,2
84,2809,1
0,2809,2
906,1151,1
2830,816,1
21,2599,1
2920,1279,3
548,2920,1
403,1279,1
21,867,1
21,3057,1
684,3100,1
21,3133,1
381,819,2
1279,36,2
381,3540,1
21,2471,1
8582,2471,1
1241,4717,1
21,4910,1
4947,847,1
21,989,1
3466,2920,1
1256,1279,1
21,5042,2
847,3083,2
5043,3083,2
3466,5172,1
8466,5172,1
381,3466,4
21,6418,1
1131,6418,1
2742,381,1
1256,303,1
2452,6646,3
1156,5043,1
1193,6606,1
3466,7950,1
7983,7979,1
227,7979,1
21,8076,1
8552,8076,1
471,2928,1
587,2452,1
44251,2452,1
8221,964,1
0,8320,12
1399,4803,1
609,8643,1
21,8610,1
8798,7961,1
13578,8944,1
27489,8944,1
84908,8944,1
2452,1256,1
7848,555,1
3024,1077,2
9249,5091,1
182,9497,1
18124,9445,1
9593,9534,2
182,9324,1
1266,8878,1
75,9766,1
75,9521,1
6550,9852,1
9461,75,3
8013,9483,1
9698,5091,1
14471,5091,1
847,9928,1
43110,8338,1
201,8878,1
14125,9801,1
20397,10009,1
964,8073,2
9966,9576,1
471,9663,1
9728,8275,1
27432,5211,1
816,1127,1
11097,1127,1
1367,9039,1
3151,5055,1
78161,9943,1
381,10346,1
75,5091,1
8338,9420,2
78950,9420,1
21,10517,1
10531,2728,1
9420,10549,1
836,9420,1
7980,1127,1
5268,1127,1
7980,10522,1
10446,7980,1
2544,2452,2
1279,10940,1
5177,10943,1
7720,10979,1
11146,11054,1
11066,11080,1
8479,6514,1
7980,11141,2
12314,9420,1
12403,7980,2
9257,9420,1
10938,12454,1
1077,12454,1
12433,7980,2
4621,4933,4
836,5103,2
12516,11098,2
12747,10517,1
12776,12798,2
381,1151,2
609,4933,1
12881,12909,1
5177,12947,2
9296,5303,1
13011,12909,1
12909,8013,1
9420,8013,1
947,13227,1
6550,13274,1
12473,13274,1
13236,11097,1
375,13413,1
13413,13450,1
13529,381,1
13413,10683,1
13618,12473,1
5177,13648,1
30613,10232,1
1330,10232,1
13786,12580,1
13754,13818,1
10683,14006,1
2723,843,1
13285,14154,3
0,14231,1
381,8774,1
13727,14495,1
14504,924,1
843,14586,1
9161,1093,1
14353,10620,1
8820,12473,1
8560,1426,2
471,13736,1
8820,14906,1
11097,13625,1
13413,15180,1
11097,15233,1
15260,2573,1
15115,8878,1
15366,2932,1
21707,2932,1
8878,8820,1
21,14946,1
8820,13809,1
16853,15604,1
4968,15604,1
9420,15631,1
13736,15656,1
15715,13727,1
11097,15786,1
15797,13023,1
15984,11097,1
8820,11097,2
45799,11097,1
15927,13413,5
836,16424,1
11097,16427,2
8113,16199,1
471,11097,3
16613,11097,1
10907,381,1
16613,10845,1
471,16558,1
10814,11044,1
16744,16743,3
381,13481,3
16761,13481,1
381,16791,1
17618,16816,1
16795,14175,1
381,12443,1
16964,13957,1
12858,13957,1
16964,13686,2
10517,2723,2
381,15690,2
16024,17078,1
6478,17239,1
17256,17239,1
13417,16538,2
14913,16538,1
3151,17359,2
1424,843,1
17359,11097,1
17415,381,1
21,15568,1
471,14044,1
17535,16024,2
12241,16024,1
471,11034,1
20372,11034,1
10879,2573,1
15027,9123,1
381,17596,2
15361,18012,1
676,17933,1
13417,471,1
381,18235,1
18221,9420,1
18282,13736,2
18529,924,2
6550,18150,1
12241,12867,1
71961,18637,1
471,14487,1
16853,471,2
18790,2573,4
16538,2573,1
10108,5200,1
18843,16220,1
18843,17646,1
634,16024,1
836,16135,1
15202,19054,1
6478,19054,1
21,19127,1
381,19147,2
10620,15255,1
6478,15255,1
381,19100,1
381,16928,1
9814,18619,1
19261,723,1
20448,75,1
27250,75,1
14904,20509,1
9420,20509,4
16853,18098,1
676,18843,1
471,20576,1
12557,13686,1
12241,9322,1
18722,20748,1
9420,20800,1
13450,14469,1
381,21184,1
471,21184,1
16756,2576,2
381,21233,2
381,21208,1
381,1244,1
13450,21024,2
73498,21024,1
381,20448,1
21433,17696,1
8820,13662,3
1426,13662,1
14013,13662,1
44790,13662,1
19161,18315,1
14904,14955,1
21825,8820,2
836,20487,1
23199,18973,1
23201,6550,2
723,23213,1
32014,23213,1
8013,11097,4
0,15402,1
18790,21995,1
23358,17250,1
30242,17250,1
20834,18022,1
29657,23452,1
23129,23469,1
9123,23496,1
21825,13100,2
3070,13100,1
23664,13100,1
19212,21990,5
10372,23440,2
23511,836,1
15527,23679,1
14560,13714,2
14904,381,2
5177,23714,1
20372,23853,1
3151,21719,2
9123,23940,2
8479,23940,1
14904,24003,1
6550,23915,1
16294,17800,2
9123,24355,1
381,24288,1
43019,13023,1
20594,710,1
24696,836,8
836,24728,1
471,24742,8
10517,24813,2
17290,24795,1
24899,924,1
5279,21988,1
31316,14675,1
8337,19161,1
38887,843,1
78983,843,1
7763,14,1
843,25309,1
29832,836,1
25043,24409,1
12384,25631,1
25907,25631,1
38861,25631,1
381,20974,1
21749,25157,1
381,25880,1
24895,25922,1
16024,14736,1
381,26181,1
39276,15501,1
0,26519,1
15412,13527,2
47791,13527,1
8005,26635,1
92050,26596,1
26635,836,1
8005,26902,1
836,9728,1
25824,21,1
26941,21,1
836,9191,1
27091,15202,1
381,27135,1
381,25766,2
27197,26562,1
27396,26394,1
18372,13023,1
27421,26141,1
27250,26477,1
471,23511,1
47403,23305,1
12384,27616,1
27432,26202,1
27788,10992,1
471,27822,1
21608,27868,2
27432,27868,1
21024,27902,1
17208,8820,1
27916,8820,1
96001,8820,1
28150,1256,1
16220,3255,2
23437,5380,1
16783,14675,1
21024,21319,1
28544,17640,1
554,11097,1
73271,28883,1
47331,27347,1
10884,2961,1
9253,2961,1
836,3299,2
836,14310,1
8005,12345,2
836,21767,1
58445,11097,2
836,29365,2
9123,29365,2
12384,28291,1
27250,29498,2
26394,12206,1
843,21319,1
21024,21560,1
12384,29790,2
29771,28628,3
33338,28628,1
27768,29905,1
676,29534,1
104371,25504,1
30094,9867,1
19161,30149,1
26856,22000,1
836,30278,2
28049,19161,1
21024,17290,2
21,26019,1
676,30376,1
52338,30376,1
65867,30376,1
15527,29587,1
1426,30408,2
71477,30437,2
19161,8560,1
30709,21232,1
30759,30408,1
26090,30071,1
30859,29960,1
19161,15689,1
2576,5055,1
21,31127,1
9565,5055,2
381,31229,1
471,31229,1
31229,836,1
30314,16538,1
30624,31282,2
30376,31282,2
381,31346,1
29428,30107,1
381,31667,1
30182,30675,3
29788,25429,5
30212,31831,1
27768,31831,1
31895,31831,1
381,31874,1
23200,28222,1
104758,28222,1
84758,28222,1
19161,31929,1
27250,18818,1
32029,3077,1
26522,30212,3
3466,17293,1
31971,3077,1
381,32161,1
381,18501,2
381,31434,7
9123,18315,1
105973,836,1
32379,23305,1
9123,17208,2
24996,30056,1
836,32660,1
25218,32660,1
30212,31245,1
24119,31434,5
924,32936,1
33025,27916,1
32230,28937,1
32361,33020,4
18843,30363,1
29284,27551,1
33306,14675,3
13727,31736,1
16853,31736,1
381,29182,1
381,33272,1
23305,33272,1
17305,24593,1
381,12206,2
836,33716,4
64760,836,1
16370,8820,3
65916,836,1
63616,33701,1
381,31456,1
14588,31456,1
21433,33922,1
836,12515,2
14588,29580,1
9123,35829,2
836,32854,1
381,37128,1
37162,37128,1
17538,37187,1
471,31092,1
24409,31092,1
37153,30212,3
19161,29587,2
6648,35449,1
836,28175,1
37483,23305,1
381,37516,1
18418,37629,1
11097,8432,1
37561,2968,1
17777,122,1
29157,14904,1
36971,2647,1
37109,37999,1
30107,33020,1
35597,21426,1
38217,836,3
381,38314,2
33530,38419,1
38523,16024,1
27768,38657,3
28175,23305,2
17538,39236,1
39263,28129,1
38887,38377,1
21608,39117,1
836,39601,1
2968,39577,1
836,39715,2
11097,39663,1
2515,39814,2
27983,39814,1
39929,836,5
40035,14904,1
36977,16911,1
30964,40224,1
78672,8820,1
21608,6567,2
71064,37502,1
39007,31316,1
40751,924,1
39014,14904,1
9988,201,3
41260,1029,1
41397,26562,1
29575,41467,1
33202,41487,2
41535,41525,1
20589,32599,4
41525,41616,4
38744,38887,2
13727,41491,1
29587,41491,1
41886,41957,1
42008,40853,3
40853,39820,2
41987,27237,1
42121,924,1
924,40853,2
42173,14588,1
2532,26009,1
25104,41886,1
41525,29824,1
43077,42255,1
836,33338,3
381,8875,1
37986,40853,1
34028,41419,3
37736,26243,3
52768,26243,1
65916,26243,2
33183,15828,2
42895,30335,2
37986,42908,3
40176,40853,2
42613,42974,1
33338,18626,10
303,30507,2
40515,28175,3
18416,43141,3
42648,43228,1
924,43317,1
77504,836,3
40055,16338,1
39116,16338,1
10640,43488,1
29575,43569,1
43528,9618,1
43679,17047,2
43458,24575,3
43680,26243,1
40801,31718,1
66612,43294,1
13515,43294,1
4683,26784,1
40853,43680,1
53532,44519,1
11097,44539,1
44683,4683,2
42238,28175,2
58927,44726,1
23240,29134,1
33728,836,1
38379,35812,1
32429,1426,1
45077,45261,1
28175,45336,1
40853,8478,1
15828,8478,1
28175,45433,2
4683,45591,1
1029,45845,1
31879,14904,1
8005,45957,1
29781,45996,1
46061,14283,1
15828,31434,1
8878,46356,1
46309,33759,1
49172,41266,1
35644,45271,1
28175,15828,4
18297,16879,1
27818,16879,1
28175,46703,2
14376,45374,1
39542,23240,2
46766,43870,1
27432,46980,3
35644,41658,1
105377,33476,1
20327,14904,1
59553,14904,1
45166,47233,1
27250,47233,1
32002,37822,1
47299,41929,1
14675,47377,1
43077,41886,1
836,41886,2
100084,29781,1
23240,45507,6
43705,43294,1
47475,47474,1
35817,15527,1
45507,47506,1
47564,30006,1
63402,20372,1
47568,21163,1
381,47659,2
8560,47623,2
61418,35644,1
40853,9663,1
24593,38892,1
47877,47874,1
68589,49049,1
6550,43077,1
45166,47869,1
39830,46886,1
29781,46886,1
24532,29781,1
45762,40515,1
6433,42359,1
35644,35437,2
35644,49624,2
40853,49624,1
40123,26562,1
49914,8560,2
8560,43294,1
45262,21163,1
836,50014,2
26562,50030,1
18574,46055,2
9123,46055,1
40853,50146,5
50074,35644,1
49537,924,1
50325,50292,2
381,50535,1
35644,32958,1
50449,20492,5
50623,47872,1
52273,26,1
91483,26,1
8820,50325,1
45191,33202,1
25849,50338,1
50899,20492,2
44456,50939,1
49067,29587,8
43472,51033,1
50811,45264,6
34269,51311,1
50727,43077,5
45264,16538,1
51507,38892,4
47144,26562,1
9123,51648,1
44039,42587,1
44039,17310,1
381,29033,1
42829,19212,1
29587,50829,1
32390,8560,1
34269,52285,1
52287,46375,1
52298,14904,1
44039,52360,1
51659,52360,3
43077,26444,1
44039,13548,1
50211,41968,2
40853,52506,1
35644,52506,2
836,45597,1
21596,45064,1
52572,52109,1
43077,8560,4
381,52672,1
52678,49293,1
33759,35679,1
6550,52748,1
15527,52728,1
43638,18501,2
10799,29587,2
33202,39081,1
51771,52823,2
35644,42498,1
57453,51209,1
52952,52428,1
46645,52851,1
52600,27724,1
35644,53040,3
381,39590,3
14588,53088,1
381,53088,1
52726,50727,1
12477,49411,1
8560,53425,1
47279,45264,1
28175,53507,2
52719,53376,1
836,45264,2
53645,53629,2
53675,50727,1
381,35654,1
53731,53732,1
44456,41557,1
53885,45264,1
924,53948,3
0,53948,1
45264,41929,2
52089,41929,2
54009,53479,3
46375,46749,1
21,54105,2
45264,52440,1
53465,45374,1
52628,54188,1
54187,54205,1
53278,46749,4
8820,53639,1
26019,53639,1
52196,45374,1
54304,51541,1
45264,53928,2
49884,54246,1
44139,19056,1
53582,54534,2
28175,54706,1
35386,45221,1
54277,53940,2
54864,38887,1
54912,15412,1
37330,54623,1
44560,52719,2
35644,45913,2
65062,52960,1
37792,8560,2
45264,54568,1
40209,26243,1
28175,56322,1
54395,56164,2
21,13672,1
56641,15569,1
924,55147,1
54040,52719,1
54820,55074,1
836,51125,3
28175,56753,1
56723,42460,1
13748,56825,1
56855,13748,1
8552,56624,1
54395,53824,1
26394,53824,1
28175,56401,1
54944,54383,1
56414,28175,2
24651,1330,1
57082,28175,3
35644,15569,1
23204,15569,1
57123,45264,1
14675,57285,1
52089,57194,1
56854,23305,2
68025,23305,1
44456,53890,1
53479,54229,1
57209,57353,1
57445,44456,2
47832,57476,1
50441,54395,3
57483,836,1
57570,54509,1
44139,44015,1
27983,57722,1
39174,45264,1
86024,45264,1
14904,50534,1
41335,50534,2
44139,33441,1
35644,58033,1
28175,53790,2
28175,58251,1
45264,37793,1
45264,56922,4
836,58433,6
14006,50039,2
52257,23632,1
52257,58581,2
58605,26019,1
8752,58231,1
44139,58155,3
58155,58653,1
28175,47832,6
53793,38339,1
58841,45264,1
58869,45264,2
50795,14006,1
14006,58977,2
32440,54277,1
34269,57461,1
14006,57461,1
59178,59182,1
41591,59085,4
57548,49590,2
59085,59318,1
59337,45264,1
50727,59252,2
59387,59392,1
57429,59171,3
14006,59419,1
17696,59504,1
59538,59171,1
56230,35634,1
59085,59298,1
52257,45916,1
49700,49590,3
46007,52109,1
49700,59693,2
25193,54671,1
45610,33603,1
58607,33603,1
59372,49143,1
52719,59547,1
92050,59547,1
14006,58433,1
60035,57031,1
59171,60030,1
23240,60099,2
52109,60136,2
44390,58433,1
56408,34153,1
8752,60230,1
35644,60259,1
45505,60259,2
60302,49700,2
61883,49700,1
57233,32926,1
52109,60351,1
32745,59417,1
66325,59417,1
70810,59417,1
8820,60172,1
60503,17696,2
16853,57453,2
45107,23240,2
60954,57429,1
836,61020,2
60099,51424,2
61042,23240,1
68025,50534,1
59379,59711,1
924,52106,3
33202,61348,1
61417,61418,4
61513,59372,1
61577,28175,6
61418,47832,4
61606,57453,1
18150,61621,2
58750,57453,3
61718,57453,2
90404,61406,1
91724,58949,1
61744,58837,1
62082,61880,2
62102,16613,1
62107,60381,1
58368,53535,1
33202,61880,1
28175,51129,2
45264,51129,1
28175,62359,1
70088,54715,1
43765,37330,3
62565,62483,1
35644,62625,1
62565,62625,3
62656,62625,1
62573,54571,1
20492,62723,1
13736,43692,1
45264,23159,1
59252,32628,1
23334,24478,3
5279,47485,1
63031,54046,1
32492,63374,2
63360,23240,1
38892,61535,1
35644,50863,1
54395,58849,1
56654,52877,1
24858,30406,1
63620,50833,1
59425,51714,2
28175,63736,1
62386,63378,1
62386,63871,1
30668,23159,2
70088,51541,1
31434,63578,1
64179,53479,3
60954,50074,1
64062,38657,1
924,46605,1
103563,14207,1
15828,42498,1
5211,63445,2
28175,37814,1
61418,64603,3
27329,41297,1
63378,51106,1
64889,42821,1
63932,42821,1
64772,58384,1
73466,58384,1
74304,58384,1
64985,21,1
64889,64953,1
65004,63378,2
45374,63378,1
62151,63237,1
35644,65268,1
61418,65273,1
65139,63834,1
39706,65139,1
60269,65338,1
49217,35400,1
21,65434,1
50833,65516,1
63051,13727,3
62938,50833,4
59087,62114,2
23305,33047,1
65776,38339,2
52291,62114,2
65166,34153,1
50833,66059,1
34153,58761,1
50866,65834,1
27558,65225,1
65762,1330,1
17640,66439,1
16853,53812,1
60348,39624,1
50833,66572,1
50833,66571,1
23492,50179,2
16625,10814,3
53812,66675,1
51659,66593,1
66737,65616,2
43967,15828,2
4968,15828,1
33202,66737,2
836,66880,3
66928,63548,1
50833,67064,1
32192,30613,1
64760,59446,1
67474,38339,1
53812,9461,2
29169,201,1
924,57237,1
16338,45264,2
4839,54046,1
45264,54046,1
58433,18626,2
6550,64460,1
31009,64460,1
41771,59695,1
52089,67694,1
21,67694,2
41771,68133,1
64339,68133,1
55122,68133,1
68089,67504,2
68136,64533,2
8065,65908,1
41771,31608,4
52300,39963,1
55122,39963,1
52089,38892,1
1029,68283,1
67605,53812,2
54252,68304,1
60954,52061,1
60974,67328,1
23240,31027,1
68448,68325,1
67605,17613,1
27983,67361,1
43476,27983,1
68888,28175,2
17208,68884,1
8560,68884,1
68966,29587,3
69052,29587,3
69051,53760,3
69089,69010,2
61756,67412,3
29587,69124,1
69155,41771,2
69133,33603,1
35644,29033,1
15927,54205,1
54205,54252,1
47832,67328,3
46452,41591,1
53479,61508,1
45264,61508,2
54060,59855,1
64596,50795,1
69511,23240,1
66974,52291,1
55122,67605,1
17696,67328,2
69670,69689,1
39920,69689,1
69904,52291,1
59627,924,1
33202,69972,2
70080,50406,1
28175,70108,1
70121,67328,2
96432,70241,1
69822,33603,1
70316,67328,1
66863,28175,3
41000,37899,2
66295,51714,4
836,70558,2
15464,46007,1
71219,63654,1
67328,70688,1
67328,65776,2
45374,65776,1
70066,70779,1
64138,52291,1
14779,70830,2
28175,70991,2
52291,70991,1
67412,70987,1
54053,201,2
70066,38887,2
17991,68023,1
66194,70838,2
70307,70994,1
71146,67328,1
71304,50406,1
28175,71346,1
13416,71218,1
23305,3314,1
70891,71633,2
71759,71637,2
29575,71824,1
79243,67328,1
67328,59437,1
52089,71923,1
836,52291,1
61445,71979,1
34269,72008,2
59916,57613,1
71218,73062,1
201,73156,1
104191,24162,1
45264,69826,1
52300,53648,1
73267,71218,1
66387,52291,1
64981,68023,1
71765,69109,1
65153,71218,1
64870,42044,7
29587,73611,1
71538,52291,1
3024,14029,1
29169,73724,1
42903,836,1
73441,69471,1
17397,66192,1
68023,47040,1
69646,14675,4
73332,73912,1
73786,924,1
74267,69822,1
60902,57233,1
29169,74322,1
61941,74468,1
38194,69670,2
71442,74529,1
71442,37812,1
10640,6403,1
64760,66974,1
71442,69822,2
40791,74313,1
13380,924,1
836,37542,3
71442,74708,2
68023,74723,1
47485,70900,3
27432,58416,1
64109,71197,1
73650,39963,1
62938,74800,2
74735,74937,2
74906,45264,3
63906,74261,5
74068,50519,1
71442,75210,1
71442,75213,1
74421,75244,1
1029,73832,2
73441,38892,1
18703,69963,1
68023,75484,1
71442,75484,2
71515,75152,2
10640,16050,1
50833,75405,1
75405,75539,2
73998,75557,2
73912,55122,2
75592,74719,1
836,75608,5
64377,75323,1
41699,68023,1
61883,65131,1
10814,53648,2
75934,53357,1
64377,924,1
45374,71442,4
65131,52089,3
76044,64377,1
14518,75152,1
68023,38315,1
76332,76333,2
76411,76087,1
52291,23240,1
76456,64377,1
57323,76540,1
71219,51223,2
924,62054,1
76946,29217,1
23305,77117,1
24409,77117,1
77319,76413,1
77335,59825,1
45374,28685,1
71219,28685,1
55122,75152,1
77241,69670,1
77144,73441,2
55122,77477,1
79484,44989,1
73919,74421,1
65193,77557,1
60105,74421,5
55122,75385,1
77356,74421,5
24409,46672,1
76429,65131,1
45264,74261,1
69646,33551,1
71442,58635,2
59825,55122,3
28916,26562,1
23305,60379,1
78050,64377,1
71442,68025,2
78059,924,1
78276,74421,1
45603,30385,1
78343,71442,2
75260,75285,1
71961,78358,1
91826,49007,1
70293,45726,1
52089,534,1
53476,66210,1
73441,17916,1
65767,58306,1
50534,58306,1
64377,78599,2
38911,17310,1
0,78627,1
49941,71219,1
71442,59004,1
69785,64377,2
65776,69822,3
15325,20492,1
68953,64377,1
78870,18247,1
55122,79006,2
79235,28951,1
65767,79198,1
79298,43649,2
64596,58771,1
27432,79480,1
53648,71297,1
303,73932,1
76137,63504,1
79448,51714,2
55122,52291,1
77162,73114,4
71442,80150,1
77162,80199,1
73114,49590,1
35661,1272,1
51836,59854,1
80406,68023,6
63565,76794,1
80757,80775,1
44994,49590,1
64377,73195,2
68404,67412,1
41692,82212,2
69822,65767,2
0,82308,1
70832,32243,2
55122,32243,2
55122,53357,1
44287,54944,2
23305,32902,1
83192,65131,1
82459,58135,2
82459,1330,2
32144,71213,2
79176,52851,2
77992,79227,3
82846,79227,1
82749,65131,1
64377,83121,1
3321,65131,1
83193,69822,1
83248,43108,2
12603,7966,1
52974,68023,1
10372,43921,1
45758,83339,1
71246,49590,1
56354,83459,1
14560,83554,1
70169,83589,1
45177,82280,2
83678,44707,1
64377,83618,1
52520,65655,1
75152,67537,2
430,30212,1
96468,27665,1
71246,45264,1
55122,80969,1
83860,71140,1
84000,41886,2
60503,84504,1
44456,84504,1
76460,45852,1
63471,836,2
68154,84229,1
83192,82764,1
3070,84717,1
83951,64377,1
37184,68261,1
53760,84070,1
67537,84942,4
32697,70886,1
23305,85027,1
924,85019,1
85143,73074,1
85375,66788,1
836,32243,1
85516,32243,1
85478,1330,1
85597,867,1
8370,80071,1
80406,84626,3
3070,65574,1
867,84230,2
84626,77900,2
27432,77900,1
85398,33386,1
85398,75812,1
38091,85516,3
64377,84743,1
65228,84743,1
38887,86269,1
85398,73397,5
84934,60503,1
85398,76456,1
73930,76456,1
86341,8878,2
38887,84229,1
71442,86575,1
84439,61634,1
86514,71442,1
38887,84626,2
37747,38887,1
67412,56354,1
76546,83399,1
86683,84891,1
84229,1330,1
60503,71113,1
85398,64876,4
64876,86885,6
60503,62528,1
64876,55122,2
14675,84229,1
64377,69822,1
80885,84229,2
74118,86976,1
836,86976,2
64377,86976,1
13012,87165,2
87179,80885,1
87164,87178,1
87221,86339,1
87197,80885,1
87284,80885,1
70031,80885,1
87369,21024,1
27916,57237,2
64377,87418,2
20739,62938,7
86339,71442,3
64876,84891,9
14675,87610,1
87688,67917,1
71442,83473,4
64876,65131,2
87660,64377,1
84891,54700,1
55122,54700,1
71442,63735,1
65131,33183,1
3070,77241,1
84626,87355,1
50862,63843,3
39963,1029,2
63378,88151,1
47488,78365,1
84891,88258,1
20844,88255,1
86182,84891,2
88255,75152,1
75157,80072,2
88487,24394,1
88505,65131,2
71218,80461,1
29157,303,2
65131,87395,1
74421,88601,1
67971,64377,2
64377,85872,2
25849,65765,1
30613,74397,1
30210,64377,1
88648,74421,4
90226,23437,1
83100,87726,4
105482,87726,1
38896,77708,1
74421,87726,1
83862,35636,1
303,80467,1
58736,303,3
73930,88910,3
87876,303,1
44456,89046,1
73994,1330,1
89055,32926,2
63031,89160,1
32926,88915,4
64377,87355,1
55122,87355,2
89176,18626,1
63031,8969,1
86518,64377,1
82088,89230,1
97607,77970,1
65520,89304,1
89474,68023,5
27605,67328,1
55122,50311,2
88626,84891,1
88646,21,1
67041,43294,1
52089,67437,1
89928,83192,1
83192,88652,1
66022,90094,1
64733,84697,2
73751,84891,1
27432,85597,3
64377,90325,1
27432,90374,1
86002,27432,1
70315,53731,1
55122,90441,1
67437,86339,1
91724,90659,1
65131,90698,2
64377,90576,2
82762,73441,1
85362,59162,1
67966,64377,1
303,90964,1
74873,38887,3
73441,89139,1
303,88379,1
33447,16338,1
84891,91137,1
10640,91137,1
27665,91137,1
86818,80885,1
1330,65767,1
836,91181,1
84891,91181,2
55122,303,2
64199,303,1
55122,91204,3
91033,80885,1
89082,86339,1
37184,64758,1
1330,91411,1
303,91411,1
61445,82926,1
91408,69093,2
57688,91544,1
91555,1330,1
14675,53259,1
74313,91658,1
55122,8597,2
91544,39007,3
49590,62752,1
89411,91713,1
303,91738,1
85505,52291,1
91738,91465,1
23305,91876,1
85398,86339,1
68023,91095,1
86339,71648,1
85604,64377,1
55122,92039,2
303,63372,1
92177,92172,1
21,78627,2
91724,92039,1
90368,67427,1
85597,21988,2
55122,92481,1
73930,92521,1
92517,75157,1
64377,88919,1
84891,79570,1
93888,83800,1
41193,94099,1
78269,93744,1
93781,87270,2
94831,94457,2
84696,55122,2
21,94775,1
92076,94570,2
94526,53357,1
61843,75632,1
95337,57588,2
43000,57588,1
56922,94219,1
65131,80072,1
95337,79227,1
95527,14665,1
95634,41058,1
303,16597,1
70838,90722,1
14675,25696,1
95641,38887,1
45799,88881,1
96125,57178,1
63565,95101,1
45799,96318,1
96159,54944,1
64377,88094,1
38887,96434,1
96494,56714,4
37113,59446,1
76540,87901,3
54096,96553,1
64377,96849,1
93699,96828,1
78161,31086,2
20504,45166,1
91465,96989,1
96086,84576,1
96922,96978,1
56714,94070,7
45799,97370,1
97374,95286,1
38887,97575,1
94104,56714,2
96624,56714,6
94603,68230,1
97370,14931,1
73930,38887,3
97973,38887,1
98078,52291,2
87901,45264,1
98292,45264,1
98182,62846,1
98402,98405,1
98557,96574,4
83791,98603,2
1330,95244,1
90149,75428,4
36977,98839,1
41394,96540,1
58341,94593,1
98865,64377,1
15533,33812,1
107714,54229,1
98965,91826,1
58341,64377,2
91826,49058,1
91826,83751,1
91826,41922,1
79934,66026,1
55122,99244,1
96102,87185,3
73930,50727,2
99323,98617,3
98272,74809,1
94457,67931,1
73930,77310,1
91466,65131,1
87185,99415,2
64377,54115,3
96033,87185,1
71219,64377,3
10640,99594,1
68260,89795,1
89901,75428,1
99687,71442,2
55122,99689,1
99764,8878,1
38887,99497,1
9988,99497,1
99602,64377,4
78967,52291,1
27442,91826,3
71442,99883,1
76754,99883,1
303,99926,1
76754,99127,3
99497,87185,3
97446,67502,1
45768,51812,2
76754,87185,1
54096,100173,1
100269,18661,7
100294,58341,1
90951,88539,1
41922,76754,2
85635,91826,1
100269,98427,2
97718,55122,2
23773,79227,1
3036,98492,1
67068,89887,1
100587,67068,2
50451,94457,1
67068,1330,1
99684,100573,3
94457,33202,1
2853,100716,1
100785,100649,1
99838,45217,1
64377,93885,4
23204,101060,1
96850,84891,1
100724,55122,3
45217,50451,1
84891,99883,1
91724,29587,1
100262,98614,5
99102,69478,2
100269,67931,1
98614,66957,1
67931,55122,11
100269,74989,1
99687,76754,1
100269,101528,1
100269,99687,1
50727,83791,2
75152,101586,1
84891,99063,1
102964,64096,1
102679,86588,1
99838,54799,3
73930,49504,1
18626,57835,2
70066,13518,2
102762,101580,1
61445,102942,1
103120,103156,1
103281,102852,2
103311,61409,1
31726,98614,1
64377,49456,2
65823,98775,2
8552,89010,1
100269,82999,1
103610,47376,1
57835,836,6
103569,47376,3
103297,58341,1
1426,101260,1
23204,95905,1
103801,92050,5
79227,71442,1
29810,42515,1
102964,10814,1
103857,68619,3
73930,104104,4
64377,104016,2
92050,98969,1
96999,80599,2
95247,54944,1
92050,104418,1
1281,64377,1
58341,84229,1
836,101424,1
9472,98121,1
98121,83320,1
33551,104403,1
38892,104856,1
104936,98414,1
58341,69197,1
70829,80599,2
91523,28915,1
89545,86244,4
92050,98414,1
100294,104498,4
98414,104959,8
98127,105207,1
39722,71442,1
21257,86599,1
80430,89724,1
99252,104626,2
55122,100122,3
105555,14675,2
39234,66605,2
58341,86970,1
101580,89692,1
303,105819,1
11061,32189,2
104626,104436,2
79934,104436,1
76968,303,3
106080,64377,1
58341,86599,1
71442,80770,5
303,105432,1
64377,83161,1
70460,63932,1
303,106492,1
75157,15756,1
303,52601,1
106905,106732,4
58341,106905,1
83791,106732,1
58341,107036,1
107147,73930,1
55122,70393,2
64377,102698,1
60503,107395,1
0,107395,2
107360,64377,2
303,30776,1
73930,107435,1
71006,107466,1
41692,64377,1
43077,106732,1
76023,92217,1
96924,106967,1
107754,107507,1
40805,106358,1
107935,106358,2
14675,107899,1
108020,14675,1
83791,107292,1
64377,107292,1
106565,107691,1
29169,88142,3
64377,108181,1
88680,83791,1
105510,83770,1
73930,99727,1
58341,108399,1
9237,84,1
92,173,2
318,227,1
434,478,1
21,534,1
471,791,1
322,84,2
6478,84,1
27432,84,1
178,994,1
322,1131,1
984,1131,1
1193,490,2
13901,843,1
1155,1235,1
24931,984,1
84712,1279,1
1367,974,1
1279,199,1
10519,989,1
14617,989,1
548,984,1
119,984,1
23437,984,1
791,609,1
13686,2452,1
1279,2614,2
21,2614,1
471,2711,2
97,802,1
802,2792,1
1156,2792,1
2978,2792,1
21,2850,1
2878,1279,2
21,434,1
2781,2913,1
26019,816,2
403,3050,2
609,1279,4
3178,3152,1
723,3328,2
7980,3328,1
2452,3400,1
3410,890,1
2853,3482,1
21,3530,1
21,4800,1
0,2475,1
1241,2576,4
21,5027,1
5075,847,3
21,5077,1
1156,847,2
506,847,1
1301,847,1
847,5113,1
5126,5133,1
847,5143,1
21,5099,1
381,5227,1
5172,21,1
5043,819,1
5316,2452,1
84,5342,1
3132,6536,1
8953,6536,1
303,5246,3
1156,6636,2
2853,7762,1
21,7811,1
13100,2723,1
4621,3583,1
7909,6648,1
18246,5143,1
381,7999,1
21,8013,1
2742,847,1
8074,97,1
8273,4621,1
474,5249,1
471,8214,1
8381,8191,2
8386,8395,1
7960,5316,1
118,8540,2
8953,3466,2
21,9106,1
5279,9227,1
9306,536,1
173,9322,1
9114,8041,1
471,9461,2
8152,173,1
9544,173,1
9684,2452,1
3457,9693,1
9689,9662,1
1367,9724,1
9801,8657,1
4676,75,1
75,8878,1
201,9958,1
9941,9946,1
9534,9988,2
5316,9988,1
8878,8275,3
5303,10085,1
21,10127,1
9637,8878,2
9966,7720,1
10305,6514,1
9956,10335,1
7980,8152,3
947,10327,2
3328,9420,1
947,10127,1
10717,9420,1
843,3436,1
924,989,1
8878,989,1
1359,10846,1
10815,10865,1
9420,9218,1
9123,5091,1
10994,381,2
10907,684,1
71680,684,1
843,947,1
836,5091,2
8013,11077,1
5177,9793,1
10587,12206,1
8152,9420,1
11021,12351,2
8987,8013,1
12732,11097,2
836,12844,2
9420,12867,1
97,5091,2
5177,8650,2
10345,12328,1
13173,201,1
5177,5103,1
13155,10904,1
12473,13155,1
12876,5177,1
13521,13529,1
13413,8463,1
49032,13625,1
47772,13625,2
381,3044,2
13413,13348,3
13285,13348,1
13413,12798,1
13285,12473,5
13413,12473,2
13754,5303,1
3151,12611,1
7848,12898,1
5177,5091,1
13285,14044,1
101580,14059,1
11110,12473,1
14688,843,1
12473,13680,1
11097,14167,2
14391,8041,2
14434,11097,2
11097,14427,1
12473,14445,2
14340,10094,1
12473,14596,1
13736,843,1
6550,14566,1
11097,14714,1
11097,14729,1
381,10915,1
14999,15002,1
13145,10620,1
15024,14047,1
13285,3466,1
515,10517,1
9420,14946,2
471,12265,1
905,12265,1
15192,2573,1
11097,15115,1
9637,15373,1
381,3314,3
15617,15620,1
108,9472,2
13392,14913,1
4825,8478,1
34099,15847,1
836,14684,3
15202,5211,1
0,15980,1
15927,10384,1
836,16032,1
381,13291,2
21,15906,1
11097,16096,1
5144,5041,3
5041,16024,1
8820,12377,1
16096,9420,2
16740,13891,3
381,13891,1
16538,12206,1
471,12206,1
16744,381,4
14586,16969,1
676,847,1
13686,16928,2
17047,14779,2
14313,924,2
13417,381,1
17177,2504,1
6550,17305,1
21,17330,1
11097,836,3
381,17520,1
5177,15501,1
15828,16735,1
836,9774,2
471,17699,3
16284,17699,1
16928,15527,1
18001,8820,1
836,9814,3
0,17696,1
16284,18102,1
12527,18207,1
17208,18207,1
8878,18207,1
3591,676,1
18221,14904,1
16284,18321,1
17116,8752,1
18865,9253,1
7848,16855,1
17959,6403,1
18787,18968,1
0,18843,1
676,19132,1
1301,10512,1
24162,10512,1
19147,19170,1
92049,471,1
21,20517,1
25157,20517,1
836,20616,1
10423,5091,1
20655,381,1
20590,12492,2
44161,12515,1
49868,20719,1
381,3507,2
836,12241,1
21079,14904,4
21024,4933,1
14904,21251,1
676,21272,1
21337,14904,1
14904,18843,2
21433,20867,1
21573,381,1
16380,21567,1
381,21799,1
19161,4978,1
21024,17443,2
11097,21384,1
381,21998,1
76125,21998,1
381,21980,1
836,14150,1
23199,21145,1
381,23182,1
10517,23211,1
23195,21182,2
23345,23330,1
381,14560,2
23440,16220,1
836,23628,1
43438,14360,1
31434,14360,1
29134,14360,1
14904,8013,4
836,23777,1
15527,23851,1
381,4953,1
23911,23971,1
21825,24019,1
20635,21024,6
23714,14588,1
15533,18540,4
20995,1355,1
16170,1355,1
13809,24494,1
12515,381,1
21,24790,1
14913,17222,2
14360,676,1
31094,676,1
14913,24763,1
9420,8085,1
25347,8820,1
8501,25526,3
25537,24275,1
16548,18596,1
24077,25104,2
14909,1281,5
14560,25640,1
14560,25696,3
15412,26302,1
843,21560,2
24593,13087,1
15412,26426,1
14913,26163,1
836,26146,1
25104,26475,3
25104,26146,2
0,471,1
13518,15412,3
26606,836,2
26675,25755,2
26775,25800,1
44417,26562,1
26898,26141,2
13727,26976,2
59171,721,1
381,27043,1
8820,26967,1
9420,434,1
381,27094,1
27130,27129,1
27172,25905,1
27286,27229,1
24409,27360,1
27433,13508,1
27551,27250,1
27194,2576,2
27250,27566,1
27432,5041,1
8820,2975,1
8820,15469,2
27626,9728,1
21608,25100,2
21024,25100,1
10859,8878,1
18540,10163,1
20492,1426,1
836,28012,1
381,28049,1
26138,10463,1
27911,28085,1
28150,4621,3
27683,9123,1
26394,27962,1
13891,24215,1
27991,28228,1
9123,924,2
28665,12384,1
15412,25115,1
8820,27250,2
7848,13232,1
836,9053,1
8005,29138,1
28628,27962,1
21767,28628,1
60112,28628,1
24895,21,1
19241,26562,2
77,29297,1
41805,29083,1
12624,29399,1
12384,29007,1
12206,836,1
51309,836,1
8560,16024,2
836,29639,1
1077,29587,2
29587,23240,1
31513,23240,1
381,12202,2
15412,29897,1
28628,30051,1
29891,29931,2
30170,10904,3
30520,10904,2
29587,27469,1
924,27469,2
381,25407,1
16911,30212,2
25429,11113,1
29206,7763,1
8560,22065,1
924,30924,2
15300,28231,1
30624,30107,1
30107,31038,8
28317,8820,1
5055,30006,1
29217,31418,1
23773,27983,2
31475,14152,1
25500,24724,1
15527,11007,1
25531,836,1
31822,32177,2
31822,30928,2
32490,32511,1
15527,8370,1
30182,14904,2
32795,32429,1
33018,14372,4
2723,17177,1
32686,33130,2
33182,21775,1
26163,33226,3
14560,10799,1
381,32361,1
33386,836,1
33020,11007,1
381,26105,1
26788,33614,1
26562,33386,1
33685,12515,2
8752,32763,2
19161,32989,1
30928,33947,1
34037,31046,1
32402,33777,4
32402,33603,2
836,34322,8
16024,82,2
33701,82,1
28640,35392,1
35597,32343,2
19161,20544,1
23305,35723,1
24000,33338,1
836,35795,1
23305,35420,2
17538,24885,3
30507,37020,1
22012,15527,1
37086,33020,1
37132,31434,3
35508,35481,1
37380,37109,1
18418,836,1
29805,35541,1
31513,35930,1
37059,13833,1
18418,26856,1
37109,18418,1
17000,38089,1
11097,38101,1
30212,38134,6
38138,11097,1
21328,16927,1
14675,37983,1
13727,37109,1
34165,37109,1
836,21,1
11097,38105,1
836,38339,2
381,38327,1
38385,2932,1
38339,37330,1
381,30043,1
2968,38492,1
2968,2504,1
61055,27114,1
21254,31086,5
35425,38576,1
11097,37590,1
60503,38739,1
15412,38355,1
381,33718,1
836,21690,1
30856,29431,1
33812,38791,2
39236,14904,2
62620,24895,1
39533,2515,1
836,39135,2
75372,35454,1
39727,8820,1
381,32906,1
836,39896,1
381,39706,1
39645,30212,2
836,32762,1
39715,26562,1
34028,14904,1
39007,30786,1
37059,20492,1
40717,37484,1
29781,14675,2
11061,13748,2
17538,40857,3
40900,32888,3
19161,31046,1
32280,40045,1
32745,37986,1
9123,41031,1
32280,41031,1
381,35463,1
13748,41389,1
924,26562,4
24162,3360,1
38744,2511,2
38887,21608,1
41752,40891,1
836,40891,1
41747,40853,5
8005,29451,2
30578,41975,1
2511,39331,1
23305,32963,1
381,42200,1
23305,42200,1
60714,41047,3
381,42335,1
2968,42419,1
42419,29781,1
41750,27537,1
40515,14904,1
14518,14672,1
381,38767,1
29575,42958,1
13748,34324,1
31434,15930,1
28175,32042,3
37502,40853,4
52520,37986,1
12345,27665,2
0,43374,1
14904,31275,1
15828,43668,1
21608,43677,1
29781,43680,1
38377,924,2
43374,43856,1
43398,16368,3
21586,43294,1
28175,40853,2
43455,15828,3
29575,43432,1
4683,39830,1
44718,44683,2
44649,44139,1
31434,44755,1
44725,29134,1
44768,4683,2
78207,4683,1
4683,44637,1
38377,4683,1
22072,40949,1
45007,2932,1
38379,33704,1
32230,4683,3
26019,21254,2
29587,45011,2
44701,26394,1
28175,44668,1
24370,37986,1
45560,28175,6
45507,37822,1
45670,41149,1
41886,15828,1
45507,45651,1
31434,9257,1
45507,45741,1
45779,23240,2
8820,45507,1
45817,45217,1
69234,45217,1
28175,46026,1
14904,15828,1
44139,44701,2
46150,44701,1
29575,46201,1
45962,45615,1
46132,29587,1
33202,27432,1
43000,45507,1
27250,43077,2
45507,43077,1
28175,46429,1
46329,37544,1
46375,38892,2
71442,44456,1
40853,44477,1
30472,46595,1
30964,14372,1
46683,29587,1
41886,33057,2
46703,43438,1
35644,41504,1
381,46284,1
67828,9802,1
924,46935,1
46980,43374,1
37822,25429,1
46997,32367,1
47078,45507,3
14675,47082,6
35644,44680,7
27250,43469,1
47182,14675,2
924,47254,1
43077,37502,1
40853,47322,3
35644,45507,1
33202,47279,1
14675,37822,1
44456,46805,2
27250,47739,1
30170,4683,1
836,4683,1
35644,41451,1
35644,47924,1
381,47924,1
35644,47958,1
23305,49098,1
40853,47858,4
37822,12515,1
49105,29217,1
16613,13736,2
381,45262,1
23240,18903,1
26562,18903,1
47750,49382,1
13727,13179,1
63327,49603,1
26166,49583,1
24550,7719,1
44456,37932,1
35644,49899,2
381,49899,1
45264,28965,1
35644,11097,1
35644,37113,1
36977,46891,1
50158,28175,1
11097,50275,1
49914,924,1
50077,49914,1
381,50440,2
381,16887,1
44329,37630,1
28175,50515,2
21163,50528,1
44114,50563,1
28175,50599,1
381,50406,1
35644,50638,1
35644,50669,1
16213,12345,1
51977,45768,1
51897,45768,1
44456,40853,2
29587,23495,1
50146,42829,2
36977,51007,1
28175,51126,1
10372,50247,1
1256,51230,1
17012,51349,2
51315,26394,1
28175,51570,1
45264,51570,1
51581,1330,1
381,40162,1
49227,12942,1
40853,37063,1
51719,45264,1
381,47257,1
51743,41929,1
51714,14006,1
24593,51716,1
13023,16853,1
33759,52035,1
51748,33551,1
51714,49914,2
52206,8820,1
50307,52429,1
14372,32771,1
24218,52472,1
52475,23305,1
381,52538,1
29587,52532,1
29587,23159,1
50641,1029,1
50727,52590,1
52510,50363,1
45374,42829,1
41254,52594,1
52706,47080,4
710,52729,2
31084,52729,1
924,41929,1
45581,30805,1
44456,52426,1
52089,51321,1
28194,52640,1
52697,52784,1
8841,52109,1
29587,31689,5
50157,52860,1
50727,52940,1
51659,22074,1
51836,52089,1
52995,52089,1
53269,30835,1
53299,2647,1
53326,52089,2
8560,13406,1
8560,49278,1
53418,38657,1
45264,53467,2
44477,52719,1
53600,45264,2
52994,50727,1
44139,45264,1
37664,29587,1
53776,43215,1
381,29353,3
43077,53943,1
56694,53943,4
53278,23305,4
8646,53946,1
60453,10810,1
23334,49293,2
47832,54189,1
54247,54246,1
381,54270,1
8820,42926,2
26019,42926,1
54310,42044,1
32745,52926,1
53850,32320,1
54442,54246,1
47832,54487,1
44305,44139,3
49293,52300,1
32963,54246,1
26476,49780,1
52719,52480,1
50123,8878,6
43077,51652,1
54712,21503,1
70342,31496,1
31457,54737,1
28175,49454,7
45069,54623,5
53940,53303,1
54395,53303,1
44139,53278,1
58549,53303,1
53793,54875,1
52719,53278,2
54985,37330,1
55097,14904,2
28175,56207,3
21,56207,1
54799,924,2
5380,1330,1
52719,24423,1
28175,56503,1
56443,47485,1
54395,13748,1
44299,50832,1
56904,836,2
924,56930,1
56983,33202,1
83114,57050,1
108,56414,1
57153,50519,1
55108,57231,1
46995,54395,5
836,57310,2
57082,57178,1
924,8820,2
15828,32963,1
53479,57010,1
29575,57060,1
44456,57060,2
54395,56570,1
57082,57461,1
49914,21,1
44456,57348,1
45264,42953,2
57453,57608,1
57453,46523,6
57618,33202,6
24478,57689,1
768,42882,1
57722,45264,1
52588,15527,1
53575,30728,1
31487,45264,1
55027,33338,1
47832,57727,1
53479,40827,2
57969,8878,1
47832,58065,2
32697,58122,3
47832,58164,1
57890,50363,1
836,5041,3
24651,57429,1
44139,55049,1
14006,58748,3
836,58748,2
58608,50495,1
53479,58844,2
21232,46143,1
45264,58380,1
58685,58842,2
52300,58996,1
49700,42044,1
59083,59085,1
58369,14006,1
24000,52250,1
1151,14006,1
14006,32243,1
35644,1151,3
59085,58789,1
69349,42903,1
58685,32669,1
59456,14006,1
46265,17696,3
24593,59171,1
59581,59171,1
54395,50406,1
26562,57610,1
58736,28175,7
46305,14006,1
59085,59783,3
59405,25157,1
37272,59171,1
49700,29587,4
41523,29587,1
56177,35644,1
28175,35644,1
15828,45821,2
61645,59758,1
60101,60026,1
59085,57233,1
56923,52109,2
49700,44456,1
35644,60325,1
41886,60332,1
1156,59122,1
32745,59861,2
23159,58789,1
60468,50406,3
29587,60531,2
60456,23305,1
59085,60752,1
31457,60789,1
55122,60789,1
49422,45264,2
60919,23305,1
45264,41557,1
23240,60955,3
61368,47488,1
61471,10717,1
54115,60902,1
1156,61225,1
44456,61225,1
39174,8878,1
59252,61766,1
23159,61844,1
33163,2932,1
57731,2932,2
49700,49731,1
78334,2932,1
62077,61880,3
21,39815,1
60967,8041,1
26385,30578,1
51714,54271,1
23305,45166,1
58736,44456,1
62626,7977,1
32220,63031,2
15241,53479,1
57019,32884,3
23240,31434,1
85786,23398,1
28175,57129,1
63548,45264,4
79625,45264,1
63625,61530,1
50833,57545,1
59085,63652,3
33202,60621,1
46107,14518,1
51687,23159,3
23159,44305,2
6550,62097,1
63629,62093,1
59974,31180,1
15527,26748,1
64138,45264,1
64330,57416,1
60428,63932,1
37330,51714,2
44456,64543,1
1330,64543,1
60954,37461,3
60954,61042,1
45374,62950,1
15527,64610,1
59085,64577,1
0,23240,1
63906,64643,3
62664,64953,2
35644,65052,2
63856,45385,3
20618,23159,1
13023,58155,1
28175,65305,1
35644,62018,1
35644,65417,1
62910,38339,1
61418,23159,2
38339,64347,1
21,64347,1
65556,16560,2
49341,52291,1
91295,65949,1
32963,41771,1
47562,41771,1
59004,23305,1
105401,24895,1
66353,66345,2
43605,52618,1
40250,57434,1
65323,49884,1
52300,29587,1
50208,47158,1
67328,66737,1
61756,65225,2
40541,57291,1
50406,66902,1
10814,1330,2
52719,67122,1
32745,41058,1
21257,53221,3
67239,66002,1
53812,67055,1
35644,67055,1
20492,38599,1
53812,67527,1
23240,67527,1
66539,201,1
55122,50833,1
10882,67561,1
65765,50833,1
67642,67483,2
67724,30049,1
55122,40044,1
15992,61904,1
67915,66040,1
67483,53812,1
67982,52768,1
67328,67161,1
67239,201,1
67483,68037,1
53079,68023,1
73734,68023,1
67200,67887,1
32697,67246,1
68247,23240,2
68251,29587,1
35644,68367,1
11097,68370,1
52300,67605,1
0,53812,1
60954,67605,3
52300,62573,1
28175,68517,2
924,68517,1
55122,712,1
50954,68630,1
68639,23492,2
66386,55122,2
44074,55122,1
68766,924,2
68573,63906,1
49466,68457,1
68888,23492,2
46921,67328,1
67328,156,1
45603,68230,1
69020,66782,1
68783,68230,1
45166,69248,1
33885,69248,1
62069,69272,1
69335,52291,4
67328,42918,3
29587,69437,1
38086,69457,1
67605,26394,4
67328,45726,1
42246,69484,1
69412,924,1
69471,67328,3
58905,68778,1
68025,68778,1
29169,69777,1
69391,64596,1
58488,67328,3
177,67328,2
5161,924,1
37330,69941,1
29781,69941,1
73930,69670,1
52291,70173,1
63718,63654,2
70066,67328,1
70342,33759,3
67328,70420,1
59004,53812,1
66295,67328,1
63219,43294,1
69670,70542,1
70558,51411,2
54096,70774,5
13012,70783,1
70881,67328,5
67605,56922,4
67328,61849,1
67328,69213,1
51209,23430,1
67328,71210,1
71171,67328,1
56922,66759,1
70066,8337,1
14518,71631,4
71218,51280,1
71218,31608,2
45374,31599,2
31599,45264,6
31599,52291,1
50146,71218,1
57233,45506,1
34269,72013,1
45506,72013,1
52291,73056,1
70546,201,3
73150,42044,1
65908,45264,1
62749,42044,2
56903,38892,2
73316,69527,1
64760,71218,1
10814,73401,1
69527,59087,2
86025,65323,1
51029,73365,2
45264,71231,1
67203,71231,1
29575,73766,1
73472,73525,1
73795,1029,1
55122,73740,2
68023,73820,1
67294,52291,1
68023,73666,1
45506,1330,1
16560,50532,1
16849,73567,1
51993,42044,1
22074,52291,1
69527,70759,1
70674,31822,1
71442,52291,1
68023,73441,1
70923,10814,1
28175,74421,1
74814,71442,1
55122,63090,1
0,74919,2
74443,74895,1
73209,74727,1
1029,75209,1
64104,75245,1
75244,71442,1
65131,70132,1
75897,70132,2
75373,51244,1
75257,65131,2
29353,75369,1
36943,34269,2
71442,74467,1
73998,73912,1
23305,75352,1
21257,65131,1
71587,73209,2
65699,71442,2
61883,64377,1
75952,71442,1
50146,76001,2
46505,76020,1
74166,38887,1
76069,45166,1
75868,53357,2
38911,76263,1
34269,73851,1
71442,73851,1
55122,73851,1
75738,71442,1
43765,76244,1
75954,71442,2
76528,64377,3
40360,65131,2
76706,73441,2
76768,47371,4
76937,45374,1
76957,76203,1
76993,58384,1
30075,63103,1
30075,57564,1
74421,77056,1
68025,69963,1
45264,76811,1
65131,28175,2
61445,68009,1
64377,77132,1
77192,74727,1
77159,68230,1
49496,69569,6
7714,66310,1
71219,76523,2
32220,73441,1
76056,77170,1
68023,77538,1
55122,77538,1
77566,66788,3
38911,55122,5
60105,38892,2
52350,75738,1
68706,77799,1
4973,47371,1
29575,77881,1
1256,77631,1
65131,73919,1
76125,2515,1
71442,67110,1
55122,67110,1
74261,47286,2
52640,37184,1
14518,78314,1
54096,73311,1
64950,73311,1
64895,64940,1
924,63011,2
836,30668,6
49650,78409,3
78102,78129,1
64377,78563,1
78728,73209,1
77305,65767,1
79540,65767,1
73441,78739,1
8501,78739,1
53337,78674,1
924,69770,3
78343,77743,1
1105,39664,2
156,1330,1
61445,73114,1
78960,38657,1
78938,64377,1
8820,78984,1
79058,79037,1
201,47956,1
61970,47956,1
201,79207,1
27432,79287,1
33202,65131,1
79198,65131,1
50870,46464,1
55122,78558,1
78662,51129,1
76754,924,1
74727,27432,1
56883,28175,1
71442,79348,1
76546,79529,1
2932,79529,2
71442,75782,2
38091,70832,1
79416,74003,1
75152,79817,2
69822,23240,1
303,29430,1
55122,8878,1
65323,67412,1
1256,62521,2
65131,79690,1
80081,78443,1
35644,38679,1
62990,63096,1
65131,80272,1
78983,55122,2
76530,41728,7
77162,80325,1
69384,79966,2
57544,58135,1
80582,2459,1
76917,80604,2
44673,80636,1
79049,55122,4
13833,80688,1
55122,20995,1
47170,53812,1
58743,55122,1
52257,75226,1
80931,65131,1
81995,78512,1
2459,82030,1
80974,25843,3
32192,8560,2
82397,70169,1
74068,58135,3
82518,45177,1
11061,82748,1
82844,82846,1
75897,82797,1
6550,80710,1
82962,26394,3
78200,60503,1
82659,70478,1
78067,80271,1
73539,201,1
497,8878,2
57688,65131,1
32605,82815,3
71952,75152,4
83478,65131,1
108,53959,1
59825,65131,2
71246,41193,3
46563,58341,1
41886,84189,1
84467,64377,2
27983,84508,1
57752,53994,1
60503,84667,1
83406,52291,1
68230,68740,1
84640,84888,1
85084,66788,2
32882,1330,2
60503,85152,1
76546,85237,1
63096,85237,1
66788,82167,1
83217,66788,3
60503,75728,1
79336,66788,1
85599,75152,1
2459,85592,1
61396,85650,1
85543,84626,1
84626,85714,1
76066,57237,3
84872,84626,2
75157,47352,1
83272,85516,1
61916,17310,1
2670,85398,2
85940,75152,2
85398,85973,1
71442,53849,1
867,80425,1
836,59854,1
70663,86144,1
82167,86338,1
86343,70717,1
61039,76883,3
105392,77875,1
55122,86377,2
63096,78107,1
55122,84439,1
71442,84439,1
71907,38887,1
60503,85398,2
23204,24696,1
77241,64533,2
80072,23204,1
60503,54395,1
84626,86659,3
68686,86683,1
38887,86746,3
86811,18150,1
85398,86987,1
71113,64876,3
78897,83922,2
87257,80885,2
87113,80885,1
87314,80885,1
65131,45610,1
71442,87317,2
62938,87317,1
83100,80885,2
64876,71442,12
6550,54799,1
87085,54395,1
35644,87515,2
35644,70702,1
68389,80885,2
867,64876,1
67183,87324,1
86339,84891,1
52816,71218,1
84891,82276,1
87812,64377,2
65710,61445,1
87869,67537,1
55122,60503,1
86339,88088,4
65153,88088,1
88020,50862,1
3070,62752,1
88138,65710,2
51467,84626,1
88282,88251,1
13012,88251,1
86339,31038,1
65710,88276,1
37184,80885,1
88249,87641,5
87947,64377,1
87947,79085,1
76886,65153,1
73393,82752,1
75152,88367,1
33812,88376,1
88342,65710,2
29430,86339,1
88644,86339,1
88634,65131,2
65131,75553,1
83265,33812,2
68023,87355,1
23305,88883,1
83862,58736,1
38887,73994,1
55122,51638,1
84461,67328,1
88255,1330,1
89340,89445,1
12533,64377,2
75157,89503,1
31084,89503,2
64377,89509,1
84891,89608,1
85398,61998,2
42488,89946,1
30838,70066,1
8111,70066,1
89997,86339,2
43473,89843,1
57453,75931,1
90639,303,1
8560,76883,1
21,90622,1
9314,21,1
84891,88511,1
90505,75428,3
84891,1330,1
53357,90808,1
90839,56354,3
90169,1029,1
21,90906,1
66510,54395,1
83192,91136,2
74313,63364,1
26847,59742,1
19261,80885,1
91159,27916,2
19261,61445,1
65131,91431,1
73930,80885,2
89795,21,1
0,91746,1
91666,47485,1
86339,91793,1
91724,90387,1
86676,37184,2
91891,91433,1
45907,76883,2
67427,25781,1
38887,92234,1
92174,38887,2
21373,27916,1
303,92426,1
69093,88749,2
75157,92076,1
3011,14994,1
71442,85597,1
87608,79037,1
34269,45264,1
40474,38307,1
86339,93822,2
44456,62458,1
21,62458,1
94020,37648,1
94001,93744,3
93685,91148,1
8560,93685,1
17,93685,1
86339,90220,1
10147,90220,1
94345,93933,1
94650,43110,2
6550,75868,1
94678,65655,2
69746,94711,1
94836,85222,1
89477,89795,1
89795,84154,1
54395,95092,1
94454,95253,1
104691,91653,1
29353,94684,1
58341,94684,1
36977,95782,2
95901,57453,1
86339,88522,1
303,95955,3
21,95641,2
89474,52852,1
38887,96147,1
84712,96132,1
96187,91758,1
75157,60848,2
303,96244,1
38887,96361,1
96529,27983,2
10640,76208,1
46309,83791,1
38887,96592,1
38887,79490,1
97100,96842,1
96924,96938,2
101318,96938,1
55122,83120,1
94165,96978,1
97013,54395,1
96989,97011,1
38887,96652,2
97066,38793,1
96159,16546,1
91563,41193,4
71442,97293,1
86325,38887,2
83554,84576,1
97330,67328,1
91724,97427,1
71442,97427,1
71442,97435,1
71442,95008,2
67050,95008,1
90625,38887,1
56714,38093,2
10640,89724,1
56714,97623,2
91724,51163,1
97597,97626,1
41204,21,3
56714,97856,2
67050,52291,1
63346,8878,1
74118,85684,1
97972,38887,1
68023,97950,1
71006,98215,1
13761,98234,1
98247,98234,1
98355,98234,1
96850,56354,1
98182,95974,1
32492,97807,1
62993,78838,1
73930,98456,1
79844,80732,1
98633,98414,1
97289,57233,1
58341,98696,1
14675,98734,1
39907,64545,1
40805,96216,2
91688,67328,1
33245,98810,1
86729,95511,1
64876,98614,4
97446,95642,1
64876,98272,1
98272,88213,1
91826,86339,1
54096,98251,1
98956,64377,1
65131,99172,1
98739,93933,1
99197,96574,2
87185,98765,1
87292,87185,3
98078,87185,3
86339,98078,1
68260,64377,1
8752,99480,1
98970,96815,1
99280,58341,1
99643,71219,1
78674,38887,1
71442,99594,1
99826,66957,1
71442,96550,1
99881,87185,2
67931,100066,1
98427,64377,1
88610,68023,1
86339,40028,2
100351,98614,2
79227,94949,2
100269,100429,1
98140,100539,1
12533,76754,2
98535,50534,1
76808,51129,1
76754,75124,1
58341,65375,1
98614,95445,1
82771,83791,3
75474,55122,1
100842,836,1
73930,90518,1
100928,96574,1
76754,1330,1
100892,100936,1
101012,58341,2
55122,99883,5
75474,76619,2
84891,60020,1
99648,50727,1
101228,64377,4
86339,101254,1
100269,88059,1
98614,101175,3
100269,96850,1
101251,75474,1
64876,56354,3
101455,101580,1
101318,101580,1
47376,99926,1
13103,13179,1
102784,64377,1
100262,92050,2
102834,102835,1
73930,33551,1
103144,103156,1
58341,91724,2
23305,67931,1
33551,103351,1
61197,75428,1
8552,70066,1
97738,99838,1
103545,98614,1
101580,103650,1
86339,64377,4
103545,102852,2
8552,76937,1
104001,7730,1
103857,103941,1
103857,103801,1
73740,91826,1
91700,74267,1
10640,100104,1
55122,104142,1
98414,90404,1
64377,99594,2
89478,50534,1
96922,58341,2
104650,104498,1
82999,98614,1
102913,89545,4
64377,42363,1
98121,104806,1
34153,35597,1
55122,35597,1
76182,96924,1
30653,32288,1
18819,104626,1
10640,104883,1
104871,55122,3
96924,90066,2
104498,82764,1
98414,94366,1
105068,104498,1
29430,33551,1
12533,91724,1
105096,43000,1
67673,83302,1
104626,24883,2
39722,24220,1
35644,21257,2
64377,85288,1
93863,58341,2
73930,105985,1
49590,96922,1
58341,106101,1
43000,104161,2
43000,106102,1
14675,77157,1
71442,88079,2
71442,106150,1
25848,98775,1
106147,105968,2
64377,95974,1
106241,106262,2
14675,106273,1
43000,106302,1
106323,64760,2
90217,106321,2
106106,1330,1
55122,14636,1
101337,66595,1
43000,106563,1
106567,75157,1
64377,106150,1
106633,64377,1
104626,106693,1
96312,65908,2
106604,98121,1
29781,89545,1
102852,106732,1
82633,69478,1
61634,61261,1
64377,104148,1
71442,107318,1
103866,105299,2
86244,105299,1
0,39501,3
107412,106732,1
106545,14675,5
51719,105299,1
73930,51858,1
45901,78945,2
29169,14888,1
70470,104392,1
29781,107360,4
107658,107507,1
57148,80885,1
14675,107816,1
105664,107893,1
107995,64377,1
58341,108018,1
6433,1330,1
6550,102852,1
5268,96612,2
106358,104320,1
29169,108190,1
64377,20993,4
83791,3490,1
108185,107507,1
96924,63939,2
108233,107691,2
14675,57825,1
303,108326,1
41,21,1
59,158,1
118,158,1
92,21,1
133,375,1
84,273,1
560,381,1
14,434,1
515,663,1
7784,115,1
434,737,1
3571,548,1
241,906,1
84,989,2
1085,989,1
1011,846,1
1011,880,2
289,548,1
793,1085,1
471,1162,1
21,1314,4
1300,548,1
906,548,1
122,2489,2
2513,548,1
1156,2513,1
24162,2513,1
2790,684,2
2452,2853,2
2920,979,1
21,2923,1
1281,2916,1
15521,2916,1
2750,684,1
1241,3054,1
471,2452,2
3203,3213,1
3248,802,1
471,3283,2
2853,3167,1
92,3167,1
1279,3498,2
4727,381,1
1138,381,2
9943,4620,1
381,4859,1
381,5029,1
8275,5029,1
21,5043,1
847,3551,2
381,3551,1
847,3281,1
4621,5211,1
21,5249,1
5241,5249,1
2723,5266,1
5247,1330,1
3466,5280,1
4621,6387,1
5247,5091,1
21,6444,1
84,5246,1
6469,2452,1
847,2452,1
6391,810,1
21,7722,2
2452,7786,1
21,7923,1
8005,7982,1
7982,4621,3
2452,8037,1
7969,182,1
4621,8075,1
471,3346,1
8214,2853,1
1131,8358,1
21,8386,1
8491,8013,2
381,8645,1
471,8645,1
7980,8505,1
2452,3325,1
8643,8465,1
2723,462,1
3417,462,1
9587,462,1
2885,8860,1
21,9011,1
173,9296,1
31513,9296,1
9249,8373,1
173,9362,1
471,3314,1
97,9436,1
2452,9486,1
12222,9492,1
2452,8218,1
1367,75,1
8041,6514,1
847,9799,1
471,9947,1
2452,7966,2
10094,7966,1
14189,7966,1
7966,9793,1
2673,241,1
2643,7969,1
381,10318,1
4897,2673,1
10429,10446,1
10210,708,1
7980,10523,1
35860,10523,1
381,10094,1
9420,10813,1
471,10881,1
836,10907,2
201,10907,2
10967,9420,2
2452,843,1
10990,836,1
49032,836,2
6550,12343,2
7980,12438,2
6550,12438,1
7980,201,3
1151,10936,2
947,11066,1
13184,11066,1
12473,12699,2
2452,12699,2
6550,12777,1
21,12867,1
12867,2452,2
9420,10512,1
11097,3592,1
12473,1048,1
7848,1048,1
11097,12983,1
12931,12960,1
9085,13155,1
13285,12876,2
10345,13485,1
13485,13406,1
7848,728,1
14779,12963,1
13622,836,1
5177,12527,1
381,13775,1
13481,10814,1
7999,843,1
14171,2458,1
13285,13390,1
11097,10814,1
14368,12473,4
471,13481,3
13578,14472,1
8206,11097,2
13413,3314,1
13296,3314,1
11097,9035,1
14913,14909,1
14994,13145,1
13176,13226,1
924,15308,2
11097,15325,1
11097,15398,1
3044,13023,4
15557,15536,1
1138,8820,2
16284,15690,1
381,15797,1
471,10983,1
471,15946,1
160,15202,1
13413,13505,1
65662,9992,1
12527,14652,1
9123,3053,1
15906,16366,1
75,16530,1
2647,6558,1
3167,381,1
9420,381,1
924,2861,1
16677,14313,1
6478,16754,1
381,16897,1
23492,13686,1
90149,13686,1
15325,14904,3
15905,13686,2
381,13855,1
13736,14313,4
11097,17503,1
2861,2452,1
11097,807,1
16964,17670,1
57130,17780,1
16284,17814,1
16704,5043,1
50416,17987,1
381,18028,3
5044,16284,1
11097,17959,2
18369,13023,1
24024,18353,1
13736,836,5
12866,13413,1
18407,995,1
6478,18543,1
14703,18543,1
471,18369,1
18657,10049,1
471,10049,1
13686,14736,1
11062,18150,1
13736,15412,1
0,13413,1
19040,381,1
11097,19095,1
14904,19185,2
471,19191,2
15527,19241,1
15361,587,1
836,20338,2
8820,20374,1
20472,19085,1
381,13518,1
16853,18843,1
31149,14519,1
1426,14519,1
17290,17635,1
13518,19161,1
16220,20835,1
13727,16213,2
30890,20880,1
676,19065,1
16853,19065,1
836,20722,1
16686,20959,1
0,13686,1
11096,2647,2
20884,17585,1
42082,21337,1
21024,16964,1
13518,21024,3
6478,21462,1
836,21462,1
471,20974,1
21707,9420,2
17772,16853,2
8041,21854,1
19161,2504,1
23127,22054,2
9814,8013,1
15768,20372,5
8752,23246,1
10517,23278,1
23283,13100,2
23492,18540,2
23658,10372,1
21,23562,2
471,23600,2
14360,14904,1
15412,14904,1
23905,9123,1
12363,23850,1
836,21560,1
2723,15412,2
24153,18540,1
8005,15569,1
9123,15533,1
37547,23262,1
8501,24409,2
24355,8517,1
24409,24629,1
21024,24913,1
836,24913,1
17596,24895,1
25188,14904,1
1426,24696,1
12384,13291,1
25580,924,1
381,24077,2
23240,25741,1
381,24346,1
12384,24346,2
15361,8085,1
24696,21749,1
133,12858,1
31513,26058,3
15412,26096,1
471,24077,1
26019,14560,2
13391,26146,1
26316,26127,1
35718,10396,1
44236,8820,1
8820,24696,1
6567,18540,3
9988,18189,1
8501,26535,2
26810,25755,1
13727,26562,1
25800,14904,1
14904,16201,1
16024,25766,1
8560,381,1
25772,27171,2
27279,5041,2
27356,27436,1
471,17267,1
16853,26019,1
11097,27540,1
1426,27567,1
24996,26163,1
16853,23195,1
836,13727,1
8005,27896,1
16853,27934,1
381,27992,1
676,27991,1
0,8820,1
25157,8820,1
21608,20410,2
381,28234,1
77,836,1
471,5029,1
14588,5029,1
378,26562,1
836,26085,1
9123,17290,1
28714,14372,1
9123,21560,1
21254,9123,2
28628,28802,2
381,28802,2
26243,28938,1
28887,26709,2
25984,14675,1
43215,7812,1
29302,28628,1
21749,29401,1
836,29473,5
28562,5091,1
12384,29542,1
19161,29527,1
29479,15620,1
12384,29580,1
27279,29587,1
924,29564,1
27250,843,2
24885,6403,1
11097,17310,1
32182,29169,1
29064,17696,1
27519,28694,1
21198,29896,1
8432,676,2
836,676,1
836,27396,1
12384,30166,1
676,25798,1
8729,9257,2
836,30359,1
30170,8560,2
15412,29587,1
30900,836,9
30507,31012,1
57453,31012,1
8560,31016,1
29217,28012,1
18313,30982,1
31038,30212,2
5055,31182,1
8560,20372,1
8560,29735,1
12345,29217,4
43092,860,1
8552,9644,2
32650,29534,1
9420,23305,2
836,9388,2
16579,2511,2
381,27873,1
15828,13736,1
8365,13736,1
18843,31947,1
836,32084,2
836,32130,1
31513,2533,1
20463,32071,1
20524,30107,1
31424,836,1
17208,16764,1
381,27976,1
16538,27976,1
381,32622,1
30006,836,1
32913,16024,1
30212,13087,2
38887,32230,1
33110,29575,1
32440,29587,1
31599,924,1
30928,33150,1
14657,14675,1
29575,15064,1
32177,33020,1
58555,33393,1
33188,26899,1
33509,8878,2
836,19046,1
33814,32757,1
6648,26444,1
19161,33993,1
381,10899,1
836,20618,2
20618,31736,1
34037,1330,1
34201,14588,1
27526,836,1
381,34284,1
33603,34284,1
34270,33603,1
23305,34177,1
91724,23644,1
836,30835,1
24000,378,1
26961,16024,2
2968,4668,1
35420,24000,2
381,30006,1
50739,2723,1
471,30006,1
2968,35563,1
35697,34130,1
32535,1330,1
35420,25426,1
16853,35872,1
30464,33922,1
37149,24409,1
8005,37186,1
381,37186,1
836,26239,1
19161,33242,1
29587,37395,1
37298,32805,1
843,20544,1
55122,16050,1
37109,37646,1
16024,37761,1
35930,30964,2
14999,11097,1
18418,31599,1
23305,37991,1
23402,11097,2
38245,21573,1
13714,1330,1
8005,16581,1
8995,843,1
33202,13155,2
381,30641,1
38355,38657,1
43705,38657,1
17484,17208,1
39048,37460,2
28175,381,1
39187,30440,1
37866,1330,1
381,39182,1
39269,17310,1
37866,39208,1
381,18984,1
19161,30884,1
30212,39465,1
18574,34089,1
9003,2515,1
108127,25104,1
37059,39513,2
39992,30212,1
25157,37109,1
30212,39547,1
41885,21608,1
14048,25157,4
19161,40330,1
836,40330,3
14904,33179,1
14904,29931,1
37932,27250,1
910,31846,1
13736,28780,1
471,30107,1
471,24005,2
40584,39234,2
836,14284,1
17752,14284,1
40711,30335,1
60412,17484,1
26329,37537,1
19161,20618,2
21433,33812,1
90652,31316,1
381,9988,1
836,41240,1
41204,41240,2
41345,27645,1
381,41388,1
30335,29451,2
41499,32901,1
41525,28175,1
12438,24162,2
41612,1330,1
381,41844,1
41801,13748,3
27616,34204,1
14874,34204,2
41888,40853,4
41886,31316,1
381,41990,2
29575,40853,2
42000,40853,3
40853,42058,5
42058,17959,2
42058,27665,1
381,42204,1
836,32860,1
68714,42358,1
381,42384,1
40853,39580,1
13748,38377,1
39637,38892,1
13748,42921,1
40176,29781,1
14675,836,1
381,27729,1
43374,27729,1
40540,41886,4
56981,41886,1
38506,43294,1
836,17047,1
29781,29601,1
10216,26202,1
43502,43294,1
43077,23492,3
53726,23492,1
42422,18434,1
28175,17487,1
44057,39845,1
42082,40042,1
44551,40042,1
836,43865,1
21625,43865,3
44361,26955,1
26562,43846,1
381,43846,1
28175,44396,1
40853,44436,2
18375,44464,1
44461,30107,1
38492,15828,3
10522,30359,1
26394,44680,2
3314,24215,1
29575,43801,1
29587,45018,1
44755,44814,1
15325,28175,1
18375,45222,1
45283,45282,2
28175,26394,1
15527,45290,1
42681,28175,2
31434,37059,1
8005,45515,1
23240,45515,1
41894,28175,1
26444,23240,1
26562,2515,1
45762,45763,3
41886,45827,1
1029,26329,1
43679,14904,1
16220,45901,3
45507,45901,1
44680,45531,1
8005,44477,1
1077,41807,1
14675,46132,2
41297,42417,1
33202,41525,1
46547,33738,1
29134,46439,2
46490,42205,1
17484,46277,1
46293,44865,1
27432,28175,6
30472,30613,1
30472,45610,1
31086,10904,1
44139,39076,1
46590,800,1
28175,46712,2
45821,27432,1
94921,27432,1
24719,27432,1
43921,31434,1
47036,32492,2
33983,9420,1
69263,8878,1
41377,924,5
45618,35644,1
35644,23437,1
33202,12942,1
45507,30397,1
18465,4683,1
47473,29781,3
32390,37371,1
45507,21163,1
47497,21163,1
44139,21319,1
47630,40853,1
44688,45166,1
31443,8560,2
836,47816,1
44139,47816,1
53479,47867,1
40853,49105,1
49003,30212,1
11097,49341,1
49308,29587,2
29587,49517,4
381,49665,1
49624,24000,2
14518,11027,1
14421,44637,1
49884,24000,1
36977,49787,1
19161,40123,1
14675,49944,1
69958,49944,1
35644,50143,1
21163,35597,2
21163,29587,2
44456,50352,2
28175,50391,3
18626,50494,1
26394,44299,1
37363,38892,1
46645,29587,1
471,50532,2
836,50719,2
24984,50727,1
13023,50864,1
13023,44456,1
381,51002,1
924,50993,2
39007,2893,1
33202,50832,2
51084,33202,1
28175,51255,2
47488,51007,1
51321,47488,1
27250,51330,1
47488,51330,1
33202,51369,2
33759,28842,1
28175,50668,2
1330,50668,1
836,51487,1
50652,51582,1
26394,49227,1
2920,1330,1
50881,1330,1
28175,51788,1
29575,51859,1
33397,51859,1
381,41306,1
35644,52017,1
33759,52012,1
29587,52068,2
29587,20978,1
31086,25837,1
49067,52257,3
33202,30182,1
52371,8560,3
52089,52440,1
29587,52444,5
44039,52608,1
45713,52428,1
45264,37300,2
52786,50727,5
51969,50727,1
52964,44366,1
51836,44456,1
35644,31948,1
2893,51659,1
35644,46886,2
7739,52719,1
53151,52089,2
35644,53163,1
28101,50727,1
53226,45264,1
53114,41929,1
47832,50727,3
52719,38802,1
0,53223,1
924,23850,1
45264,50192,1
52719,45221,1
50852,50727,1
13054,44680,1
53715,44985,1
56350,44985,1
44542,39547,1
26394,53735,1
924,53734,1
29412,52300,2
25421,50727,1
53451,45264,1
53999,10522,1
836,53357,3
46780,53479,4
10522,53950,1
54096,50146,1
49454,54100,1
35644,54100,1
53912,29134,3
49584,10620,1
54187,47832,4
77900,45076,1
53479,53361,1
44607,53950,2
381,54361,1
32569,43077,1
53283,45264,5
44680,54246,1
53226,52089,1
52816,54246,1
45264,54749,1
40657,49375,1
53479,41929,1
53479,44688,1
27114,55025,1
21596,54443,2
55148,29575,1
63966,1330,1
56289,15569,1
47832,46309,2
35644,53799,4
47832,53799,3
13748,50899,1
51515,836,5
3443,45264,1
44456,47832,1
44083,40592,1
8041,28175,1
43870,15569,2
78637,37932,1
44945,49577,2
836,56854,2
57108,54395,1
21,54395,2
23240,14560,2
13748,57636,1
31626,54944,1
56955,23204,1
23305,57914,1
58022,15828,2
14518,26288,1
46143,53361,2
45264,53361,1
76808,53361,1
44083,57614,1
28175,58104,1
8560,23632,1
600,58112,1
28175,56922,5
59171,50405,1
44139,58283,2
33202,54050,1
54096,44477,1
23240,44477,1
37793,46535,1
19261,46535,1
26394,58586,1
21232,58651,1
28175,9011,1
57691,47832,1
23305,58995,1
18790,59044,1
0,59085,4
59110,23305,3
58630,59087,1
52250,32697,3
29575,59249,1
59271,836,1
59310,14006,4
35644,59445,1
836,59508,1
59550,53479,1
57691,59171,1
57691,17696,1
59608,32926,1
33279,59171,2
59085,53575,1
64760,59909,1
59904,56177,1
59085,54555,1
50406,52719,1
5041,59171,1
45821,42726,1
52719,53325,2
59957,59262,1
59171,60060,1
52109,59919,1
1156,60125,3
924,60125,1
28175,47730,1
55122,30653,1
60257,28175,1
39929,41741,1
71587,52106,3
51714,60417,2
59085,59568,1
32442,26243,1
14360,1330,2
59919,29882,1
35644,27983,1
28175,54046,2
59868,34153,1
31457,60777,1
49700,8878,2
59016,60062,1
61096,34153,2
61071,60381,1
38892,61316,1
53582,61332,2
23240,21451,1
44456,61386,2
37059,21,2
60665,45264,1
10640,61418,1
8878,60003,2
57453,61614,1
2459,61614,1
42354,61623,1
29587,54236,1
54944,58411,2
68452,61091,1
35644,61744,1
61762,11,1
23159,15569,1
62081,62082,1
61800,60954,1
57385,836,2
2961,62189,1
59916,59758,1
61563,45166,1
50406,57731,1
42354,62295,1
42354,23240,1
62294,836,1
1151,34153,1
52799,61406,2
8752,60487,1
35644,60487,1
41888,28328,2
45577,28328,1
62732,61523,1
43119,43294,1
8501,23305,1
14265,45237,1
63009,54944,1
60954,63027,1
62548,63067,1
63031,26752,1
21,63254,1
61080,45264,1
44456,63398,1
40139,63594,2
59085,59518,1
57453,63652,1
57453,62386,1
14518,40657,1
59085,61261,1
59085,64126,2
10882,64126,1
32697,64112,2
59085,64046,1
23240,57233,1
63611,64228,1
51129,57416,2
63932,57416,1
51129,57233,1
28175,62528,1
53479,64337,2
21,45432,1
13023,28175,1
57434,39513,1
64522,44139,1
64580,33202,1
54271,61418,2
57434,37461,1
51467,59446,1
29842,58384,1
50833,37330,1
63871,64856,2
64758,59916,1
59785,58310,1
37059,61418,5
13023,20618,1
60954,65232,1
56329,63610,1
21,65351,1
65389,58568,1
105430,8820,1
14006,64656,1
44305,14006,1
61645,65716,1
62048,201,1
10620,65733,1
65883,43455,1
55122,43455,1
50863,14006,1
86339,14006,1
44537,23240,1
47688,66019,1
32963,49914,2
57019,56354,1
35644,65153,1
43605,66455,2
35596,66252,1
35596,66532,4
66036,65616,1
87869,57237,1
8752,62386,1
63220,44456,1
53812,50098,2
65228,66770,1
14006,66814,1
33202,59904,2
2968,66969,1
66861,23305,1
91826,45183,1
37736,35404,1
27135,64865,1
73930,66723,1
67483,67503,1
53479,65019,1
49590,67537,3
0,62114,4
67096,45264,1
2647,67483,1
6550,10620,1
23305,66386,1
8560,67820,1
21,67820,2
35644,67882,1
66056,26562,2
64700,45166,1
68147,63565,1
23240,68154,2
67931,41771,3
59087,32697,2
31086,68292,1
23240,68377,1
471,58743,1
68742,26394,1
68023,68818,1
45166,68888,1
70066,68934,1
65776,45264,1
60240,68869,1
69124,45166,1
37059,59087,1
41771,69133,1
69148,29587,1
41771,23492,1
41771,59087,3
69151,67328,1
23305,69275,1
67328,836,2
66252,67328,2
64596,45852,1
69538,64596,5
60971,53812,1
64760,69277,1
836,69557,6
69702,38892,1
29033,69689,2
27983,65309,1
69772,41771,2
41771,69806,1
358,50727,1
69538,46527,1
69972,50833,2
69957,67412,1
12822,8335,1
67681,69822,1
70141,67681,1
33603,70152,1
26394,63718,2
67328,69481,1
83895,28175,1
68023,70363,1
90226,15902,1
70555,45264,6
68232,70611,1
21825,69903,1
201,58155,1
70662,27432,1
51714,67536,1
69477,28175,1
70406,70623,1
69248,28175,3
70779,41771,1
25503,70863,1
59916,70158,1
67328,70936,1
70888,70066,3
70922,32926,1
924,70946,1
40308,45264,2
29587,70718,1
52816,41771,1
41771,71031,1
54096,71043,1
35644,67328,1
76125,67328,2
35644,71086,3
71198,70066,1
71359,52291,3
25997,71218,1
63906,64596,2
70875,51209,1
52291,23305,1
70259,70066,2
18703,71822,1
68023,25837,1
924,23240,2
1156,68089,1
67200,45506,2
23305,31434,3
56922,71633,2
21960,71218,1
54835,71218,2
75890,201,1
69822,37184,3
68023,60035,1
99079,65305,1
57019,71218,1
68023,73407,1
68023,73409,1
67240,71218,2
45374,71218,1
73471,73475,5
71797,73501,1
12345,63871,1
62973,71006,1
70653,60629,1
69527,61964,1
73035,21749,1
36977,68232,1
836,73796,2
52275,74065,3
836,8092,2
1330,74318,1
68023,73851,1
32697,66759,1
71297,66759,1
6550,66387,1
66974,924,1
24792,67328,1
55122,70759,1
45166,74593,1
74040,39963,2
2459,74821,2
924,2459,2
2459,73104,1
74908,40767,2
10882,74855,1
71442,74982,3
75028,44139,2
71442,75158,1
71442,70509,1
69527,70509,1
23305,18040,1
71442,45610,1
75217,74065,3
924,75071,1
71442,73730,1
67203,3504,1
75436,75335,1
74467,61634,1
471,73938,1
75539,75431,1
75539,71515,1
71442,9489,1
73907,65131,3
75450,10814,2
75687,75534,1
73912,65131,8
2511,1077,3
75944,65131,1
8878,74421,1
71219,76064,1
73938,71442,1
76125,16220,1
75868,76035,1
76161,47311,4
76221,68421,1
61634,41699,5
29217,64856,1
76209,924,3
64377,69154,2
55122,75580,1
76321,53357,1
28175,76392,2
5211,76392,1
76243,29217,2
58341,71359,1
71464,1330,1
74421,76265,1
53357,67537,2
73851,51812,1
38083,67751,1
40360,76675,1
71006,76674,1
28175,76742,1
76381,64377,2
71442,76769,1
55122,76801,2
76781,65131,1
38083,64138,1
76156,29217,4
65153,29217,1
24703,66252,1
24756,64377,1
76540,64377,1
64377,5091,5
100253,59004,1
63103,924,1
77054,76546,1
61958,26562,3
76902,75055,3
26239,74839,3
23305,38911,1
77102,73441,1
52974,76129,1
106609,75738,1
24818,77144,1
77336,76917,3
65193,65765,1
55122,67952,1
69644,108,1
57564,73441,1
77664,201,3
71442,77745,2
64377,77812,1
24409,38091,2
43436,58309,2
65131,1330,1
59087,47371,3
78007,71442,1
56354,77356,1
77950,65128,1
77102,924,2
45264,78089,1
64377,45264,1
76546,76811,1
78207,44456,1
5179,9249,1
96338,52089,1
70898,78284,1
55122,23403,1
51210,30575,1
78015,74421,1
39847,54096,1
78714,65767,1
23305,78758,1
63906,76635,1
24409,78756,1
29217,78808,1
64377,71912,1
68023,62846,1
78873,65131,1
55122,79087,1
64377,37363,1
34269,37363,1
70169,71442,3
62446,71297,2
78808,78674,1
60902,77450,1
27432,79040,2
30698,69822,1
23305,60482,1
70169,55122,1
58771,70832,1
61883,77743,1
71297,79021,1
41771,79499,1
79529,77162,4
71442,79552,1
68013,55122,1
71442,73393,1
78523,37184,2
79666,64377,2
79759,78443,1
65131,79864,1
37184,77052,1
50406,41771,4
65131,79928,1
77052,836,1
46334,64377,1
71477,23240,2
55122,61266,1
76801,17916,1
80129,61484,5
80221,68230,3
79333,16212,1
75897,80315,3
74855,71442,2
80425,67175,2
21291,14588,1
65767,57727,1
17310,41728,1
80547,1330,1
29781,80241,1
73851,67316,2
67366,80655,3
75152,80721,1
80363,75152,1
76794,41728,1
58736,600,1
836,59004,1
80655,78443,1
49268,49590,1
74166,54509,3
80911,65131,2
82025,79934,1
43000,41692,1
10519,28628,1
16212,12345,1
61484,38892,2
65131,79434,2
27983,41149,1
41692,65131,3
61445,82321,1
61970,2576,1
15946,28780,1
64377,80795,1
10814,80795,1
71442,80795,1
49590,59171,1
82487,53357,1
75702,10814,1
70094,64377,2
82861,55122,1
56521,43495,1
52755,33551,1
41771,83207,1
75836,65323,1
82826,83303,2
77111,62202,1
41571,62202,1
38608,78207,1
83393,49700,1
17310,75152,1
45177,83514,1
71442,74658,1
32605,14560,1
71246,65655,3
83727,10814,1
83907,80271,1
34269,83265,3
84012,26202,1
78567,69822,5
76883,31388,1
41886,39830,1
29430,83537,1
76546,84169,2
84066,84166,1
64377,64363,1
61445,83922,1
26146,83669,1
58451,84343,1
45177,84364,1
35644,80406,1
84497,27665,1
64377,84543,1
55122,19212,1
55122,63582,1
71442,20618,1
55122,20618,2
67993,59343,1
67200,84649,1
56549,61418,1
66544,73740,1
64377,73740,1
76754,73740,1
62749,1330,1
83406,1330,1
71442,67275,1
71442,73074,1
68154,201,2
69296,60503,1
85388,66788,2
60503,85391,1
8501,59425,1
70342,66788,5
66788,85484,1
6550,76481,1
924,43193,1
84891,85552,1
55122,85552,1
2459,31434,1
63096,85603,2
71525,64377,1
64377,73792,1
84408,54907,2
75897,80072,3
23305,85941,1
86148,77900,1
86182,65131,2
78107,50406,2
36964,38887,1
23204,86369,1
96850,71442,1
86521,60503,1
57031,84503,1
74118,86939,1
71442,86939,2
85398,80885,1
71113,80885,1
87163,80885,5
41886,76003,1
86339,74118,1
29412,78030,1
867,80885,1
87245,80885,1
87274,65131,1
40349,60503,1
3070,85391,1
87109,57834,1
66029,55122,1
8878,86574,1
71140,80461,1
64377,87701,1
86339,65776,1
303,82182,1
32926,87723,2
58433,67437,1
71442,87785,1
42852,1330,2
87657,66220,1
64876,28780,1
87993,87355,1
15982,65131,3
71442,87355,1
60503,88162,1
35644,14675,2
88291,14675,3
58905,83739,1
86339,67068,1
5211,86686,1
45374,59315,1
84602,49590,2
64950,88443,2
78699,45264,1
30385,88584,1
65131,87923,1
75428,88846,1
303,70680,1
87435,74214,1
64377,303,1
1330,88965,1
836,89060,1
31209,836,1
2891,34049,1
20844,64377,1
80241,89345,1
80129,3070,1
8560,89544,2
73930,89740,1
52816,64377,1
88475,55122,2
85995,47466,1
85147,45264,1
89849,21,1
85578,80272,1
55122,80272,1
89982,42488,2
89082,14675,1
84891,80072,2
89589,64035,2
86339,27810,1
84891,90547,1
303,37431,2
70747,17535,3
57453,68013,1
21,90750,1
13548,39934,1
14675,83066,1
64377,60710,1
21,89372,1
91385,64377,1
47286,91383,1
67427,69789,1
85505,21,2
55122,91644,1
62752,91465,2
91730,59855,1
84891,85597,1
78348,91465,3
24883,29587,1
76917,91724,1
14667,1330,1
45907,88902,1
75157,76071,1
14667,21,2
73930,79523,3
92013,91965,1
303,28834,1
3070,88539,1
92241,88539,1
92155,34269,1
54893,21,2
76754,91204,1
76619,73506,4
10037,60292,1
51858,75157,1
79490,1330,1
31086,52089,1
93570,34269,2
79844,93656,1
44456,93553,2
75157,93556,1
75157,93833,2
84891,93878,1
13736,65131,1
49229,41193,1
86339,89907,1
94179,94315,1
90006,28035,1
94570,58341,1
10640,45907,1
71442,94719,1
41692,84971,4
29781,79227,2
56619,69670,1
71140,28175,1
65131,90006,1
71442,95153,1
45799,85549,1
9472,95184,1
94454,92076,1
94454,94197,2
86339,95257,1
75632,61436,1
90737,54395,2
57124,92317,1
95879,56354,1
65131,94929,1
95866,64377,1
8752,95990,1
92547,96187,3
10640,60848,1
71442,60848,1
303,96302,1
96306,94454,1
96159,96454,2
92182,38887,1
96189,38887,1
45799,96504,1
96237,56714,1
88094,75428,1
62641,14675,1
96529,51714,1
96698,10814,1
9011,38887,1
96627,97054,1
61253,97084,1
303,96529,1
23144,85925,1
10640,97180,1
56714,92339,3
86339,96243,1
0,97410,1
73322,55122,1
75152,74101,1
85136,65131,1
85136,78365,1
37658,52291,1
55122,98073,1
98263,98247,1
98182,94603,2
98337,97489,2
89724,76883,1
29412,83358,1
98368,95346,1
60848,98441,1
71442,15363,1
98687,91971,1
64377,95551,1
98780,69628,1
71006,73441,2
303,98810,2
98752,3070,1
53357,95337,1
29587,95337,2
58382,1330,1
28716,23305,1
95511,71442,1
42852,33978,1
80221,91826,1
38887,99247,2
31726,83770,2
92396,21,3
99244,91826,1
66957,93933,1
97411,29587,1
6550,98140,1
14675,47724,1
78674,95128,2
99805,98614,2
99926,50727,2
50727,71442,1
99916,75570,2
91826,58341,3
88784,45217,1
98614,93885,1
57561,73930,2
100135,98614,1
32243,91826,1
58341,99850,1
98614,73567,1
71297,89692,1
50727,96033,1
73930,26,1
0,103456,1
61239,45217,1
91724,80221,2
100269,58341,2
71297,100506,3
100269,100506,4
10147,98140,1
70066,99207,1
76808,43921,1
100690,76754,1
67068,52291,1
76754,100034,1
100752,74166,3
14675,100734,2
99684,68208,1
100269,100857,2
33551,68968,2
100892,33551,3
79227,83770,2
56223,30425,1
70342,87882,2
58341,96033,1
91826,33551,1
29587,101195,1
99102,75152,1
99176,75152,1
98614,64270,1
100269,57454,1
70066,57454,1
64377,80461,1
98969,100269,3
65131,101449,1
101460,79934,1
100269,33551,3
100360,87046,2
92532,47376,1
57130,99065,1
71442,102657,1
59242,64377,2
99838,75157,1
102780,70066,1
45799,102799,1
79934,102774,2
8552,103219,1
91724,947,1
103488,70066,1
64377,61948,1
98969,69725,1
14560,98322,1
102637,103488,2
67183,58341,1
54096,61445,3
14560,86244,1
91724,45610,1
92131,98121,2
64377,88079,1
92050,88079,1
102708,103466,1
103857,103963,2
90531,3070,1
55122,80072,1
92050,80072,2
71442,5041,1
104181,104161,2
54096,44188,1
11061,33551,5
98614,73441,1
86339,104403,1
98614,75252,2
98565,98414,1
11061,96815,1
71442,104592,2
98414,76811,1
98414,87164,1
98414,65720,1
104641,104432,1
102768,101270,1
97227,100122,1
73930,104429,1
89545,102614,1
70614,102852,1
102614,98121,1
91355,14675,1
102913,79227,1
104943,76530,4
101318,103697,2
104104,92050,3
104891,64377,1
101580,105140,1
89692,91262,1
105770,58341,1
71442,105813,1
105837,45166,1
14675,105734,1
84845,19172,1
37626,105824,1
64377,105948,1
96922,104161,3
33551,92050,1
104626,105718,1
3314,77927,1
104538,97747,1
106461,104161,1
106492,6550,1
64377,96961,1
43000,104914,1
37184,64876,4
106383,78512,1
98121,106729,2
106748,37184,1
73930,106808,1
43000,106808,1
70066,106808,1
73930,104161,1
101337,106851,2
74855,64377,1
104626,106947,1
101580,107004,1
61413,92125,1
107045,104626,1
71442,107163,1
55122,83473,1
103857,69518,1
107395,85641,1
106706,102852,1
92050,47376,1
55122,106763,3
303,104247,1
79490,107507,1
70546,40805,4
106732,107560,1
104624,65131,1
28780,107696,1
14675,89328,4
107837,107507,1
107445,106358,1
106884,107886,2
18040,64377,1
96312,61522,1
108094,58341,1
51836,13727,1
64377,108173,2
27129,106732,1
58341,97501,1
106358,99648,1
303,108323,1
107507,108325,1
